video-title,video-link,video-views,video-date,video-channel
SAMSUNG GALAXY A10s: o b√°sico que √© quase BOM E BARATO,https://www.youtube.com/watch?v=h9lBf0X_xFY,263 mil visualiza√ß√µes,h√° 1 ano,TudoCelular
GALAXY A10s - Mais um ERRO da SAMSUNG?! Unboxing e Impress√µes,https://www.youtube.com/watch?v=3no1FdndZiU,734 mil visualiza√ß√µes,h√° 1 ano,Gesiel Taveira
Galaxy A10s √© Bom? Vale a Pena? An√°lise Completa! (2021),https://www.youtube.com/watch?v=Mci38I3CajU,99 mil visualiza√ß√µes,h√° 1 ano,Canal √â Bom?
NOVO GALAXY A10S |BATERIA MAIOR E SENSOR DE DIGITAIS | AN√ÅLISE / REVIEW,https://www.youtube.com/watch?v=BfgqI5xndTU,127 mil visualiza√ß√µes,h√° 1 ano,brasiliGEEKS
Galaxy A10S √© bom? Vale a pena comprar? AN√ÅLISE/REVIEW,https://www.youtube.com/watch?v=hQspDpO-4-w,35 mil visualiza√ß√µes,h√° 1 ano,Tt Tech
"Samsung Galaxy A10s: um pouco diferente, mas nada melhor [Unboxing/Hands-on]",https://www.youtube.com/watch?v=4AXbgJWOBVc,231 mil visualiza√ß√µes,h√° 1 ano,Canaltech
AN√ÅLISE | SAMSUNG GALAXY A10S!!! SER√Å QUE VALE A PENA HOJE EM DIA?,https://www.youtube.com/watch?v=ntVCDWaR3Gg,"1,4 mil visualiza√ß√µes",h√° 9 meses,An√°lise Geral
Galaxy A10S | Nova cor AZUL ABSURDO | An√°lise Completa | Ainda VALE A PENA em 2021?,https://www.youtube.com/watch?v=G9TIgGnNCiw,"5,1 mil visualiza√ß√µes",h√° 1 m√™s,Muca Samuca Testando
GALAXY A10s O BARATINHO DA SAMSUNG VALE A PENA o PRE√áO? #UNBOXING,https://www.youtube.com/watch?v=Y2AKP4nFviA,270 mil visualiza√ß√µes,h√° 1 ano,TukEmperial
Samsung Galaxy A10S - O que melhorou? Algo piorou? - Analise Completa,https://www.youtube.com/watch?v=agCZwJMmV2Q,379 visualiza√ß√µes,h√° 1 ano,Adv7 Life Tech
O acess√≠vel Galaxy A10S √© bom o suficiente? Eu usei (Review),https://www.youtube.com/watch?v=YVNBfJ-rGTI,66 mil visualiza√ß√µes,h√° 1 ano,Rodrigo Vieira - RSSV
Galaxy A10s - VALE A PENA em 2020?,https://www.youtube.com/watch?v=hXxr0692RcU,49 mil visualiza√ß√µes,h√° 1 ano,Zoom
"NOVO GALAXY A10S (SIM, MAIS UM!!!) UNBOXING E IMPRESS√ïES",https://www.youtube.com/watch?v=8S7KLrWQ_HA,532 mil visualiza√ß√µes,h√° 1 ano,brasiliGEEKS
Galaxy A10s vs. A20s vs. A30s [Comparativo],https://www.youtube.com/watch?v=34hjRzCIk8g,527 mil visualiza√ß√µes,h√° 1 ano,Canaltech
GALAXY A10 vs A10s: a Samsung FINALMENTE ACERTOU em um sucessor? | Comparativo,https://www.youtube.com/watch?v=K_MTtcFaht4,232 mil visualiza√ß√µes,h√° 1 ano,TudoCelular
Samsung Galaxy A10s: Ser√° Que Vale A Pena Comprar? [An√°lise Completa],https://www.youtube.com/watch?v=QEr9A2koBhc,152 visualiza√ß√µes,h√° 6 meses,AC Technology
"Como o Galaxy A10S se sai em games pesados? (Call of Duty, Free Fire, Asphalt 9)",https://www.youtube.com/watch?v=uJXh4wxiO2k,46 mil visualiza√ß√µes,h√° 1 ano,Rodrigo Vieira - RSSV
"Galaxy A10s, A20s, A30s, A51 e A71 [Comparativo]",https://www.youtube.com/watch?v=H_k3MRxVk7A,462 mil visualiza√ß√µes,h√° 1 ano,Canaltech
"Samsung Galaxy A10, o mais Galaxy J de 2019",https://www.youtube.com/watch?v=BLIhZ77JggI,606 mil visualiza√ß√µes,h√° 1 ano,Canaltech
"Samsung Galaxy A10s, √© BOM ? Veja a√≠",https://www.youtube.com/watch?v=rl6c5S3fqjc,28 mil visualiza√ß√µes,h√° 1 ano,MEGA Smartphone
MOTO E7: CELULAR B√ÅSICO da MOTOROLA com mais CONTRAS do que PR√ìS? | An√°lise / Review,https://www.youtube.com/watch?v=abT5xR5ctzs,38 mil visualiza√ß√µes,h√° 2 meses,TudoCelular
MOTO E7 | C√¢mera PODEROSA abaixo dos 1000 REAIS! An√°lise / Review,https://www.youtube.com/watch?v=8JXdfLzMbTM,21 mil visualiza√ß√µes,h√° 5 meses,brasiliGEEKS
"Moto E7 √© bom? Vale a Pena? An√°lise/Review/Ficha T√©cnica (Cinza Met√°lico, Aquamarine e Cobre)",https://www.youtube.com/watch?v=5L0-MDWsvMY,"4,9 mil visualiza√ß√µes",h√° 5 meses,Canal √â Bom?
MOTO E7 PLUS: defini√ß√µes de CELULAR BOM e BARATO atualizadas com SUCESSO | An√°lise / Review,https://www.youtube.com/watch?v=xZEIOL1dzcE,232 mil visualiza√ß√µes,h√° 7 meses,TudoCelular
"MOTO E7 PLUS! O mais ""BASIC√ÉO"" da MOTOROLA EVOLUIU e FICOU BEM INTERSSANTE! UNBOXING!",https://www.youtube.com/watch?v=Tkca_FXdzqY,248 mil visualiza√ß√µes,h√° 9 meses,Be!Tech
ELE TAMB√âM CHEGOU! Novo MOTO E7 da MOTOROLA! Unboxing e Impress√µes,https://www.youtube.com/watch?v=VHN1WqHgwS4,47 mil visualiza√ß√µes,h√° 6 meses,brasiliGEEKS
Moto E7 [An√°lise / Review] - TecNoob,https://www.youtube.com/watch?v=wx-pzl7HBto,201 visualiza√ß√µes,h√° 15 horas,TecNoob
Moto E7 Plus √© bom? Vale a Pena? Review/An√°lise Completa,https://www.youtube.com/watch?v=mpculZh1n1Y,40 mil visualiza√ß√µes,h√° 9 meses,Canal √â Bom?
MOTO E7 POWER | BATERIA GIGANTE √© SUFICIENTE? An√°lise / Review,https://www.youtube.com/watch?v=HHo_mtkOmfE,12 mil visualiza√ß√µes,h√° 3 meses,brasiliGEEKS
Moto E7 - √â um BOM CUSTO BENEFICIO? Alguns dias de uso,https://www.youtube.com/watch?v=4mU4I62K_Og,"9,3 mil visualiza√ß√µes",h√° 5 meses,L Tech
"MOTO E7 PLUS | O Pre√ßo J√Å CAIU, Mas Ser√° que VALE A PENA? An√°lise / Review",https://www.youtube.com/watch?v=EddYh9aFvI4,39 mil visualiza√ß√µes,h√° 8 meses,brasiliGEEKS
MOTO E7 POWER ganha BATERIA que DURA MUITO e PERDE C√ÇMERA | An√°lise / Review,https://www.youtube.com/watch?v=r-JVksksGgo,18 mil visualiza√ß√µes,h√° 2 meses,TudoCelular
Moto E7 Power √© bom? Vale a Pena? An√°lise/Review/Ficha T√©cnica Completa,https://www.youtube.com/watch?v=BrclJX8i_No,"8,8 mil visualiza√ß√µes",h√° 2 meses,Canal √â Bom?
Qual O MELHOR (e O PIOR)? Moto E7 | Moto E7 Power | Moto E7 Plus,https://www.youtube.com/watch?v=eMI4SSMNDVc,38 mil visualiza√ß√µes,h√° 4 meses,brasiliGEEKS
CHEGOU! MOTO E7 - O NOVO BASIC√ÉO da MOTOROLA! Unboxing e Impress√µes,https://www.youtube.com/watch?v=gwIRLBqtSgk,6 mil visualiza√ß√µes,h√° 6 meses,L Tech
"MOTO E7 POWER (Sim, MAIS UM)! BATERIA ENORME e Pre√ßo ABAIXO dos MIL REAIS | Unboxing e Impress√µes",https://www.youtube.com/watch?v=-gANghKyLiY,52 mil visualiza√ß√µes,h√° 4 meses,brasiliGEEKS
MOTO E7 PLUS √â BOM? - Opini√£o Sincera Em 5 Minutos! üì≤üí∏,https://www.youtube.com/watch?v=uFpMVN7Ad3I,17 mil visualiza√ß√µes,h√° 2 meses,DicioTech - Por Gabriell Dassi
MOTO E7 PLUS - 4 MOTIVOS PARA COMPRAR E 4 PARA N√ÉO COMPRAR!!! üí∏,https://www.youtube.com/watch?v=MywBmKaRyRc,48 mil visualiza√ß√µes,h√° 3 meses,DicioTech - Por Gabriell Dassi
J√Å T√Å NA M√ÉO! MOTO E7 PLUS | Lan√ßamento MOTOROLA | Unboxing e Impress√µes,https://www.youtube.com/watch?v=Adj3fttlhNg,111 mil visualiza√ß√µes,h√° 9 meses,brasiliGEEKS
Motorola Moto E7 Plus √© Bom? √â Realmente Melhor que o G9 Play? Analise sincera!,https://www.youtube.com/watch?v=qxMAtLKxabw,53 visualiza√ß√µes,h√° 3 semanas,Smartech Droid
"LG K22 / K22+ | Smartphone MUITO BARATO, mas VALE A PENA? An√°lise / Review",https://www.youtube.com/watch?v=dpvskZNHIzU,82 mil visualiza√ß√µes,h√° 7 meses,brasiliGEEKS
LG K22 √© bom? Vale a Pena? An√°lise Completa,https://www.youtube.com/watch?v=6NgZeAQLdqA,132 mil visualiza√ß√µes,h√° 9 meses,Canal √â Bom?
A LG for√ßou a barra com esse K22! E acho que VOC√ä tamb√©m n√£o vai gostar,https://www.youtube.com/watch?v=MAlHxOtQI9I,496 mil visualiza√ß√µes,h√° 9 meses,Gesiel Taveira
"LG K22 / K22+ | MUITO BARATO, mas VALE A PENA COMPRAR?",https://www.youtube.com/watch?v=zCRDEorurB0,118 mil visualiza√ß√µes,h√° 5 meses,brasiliGEEKS
LG K22 / K22+ | Mais um LAN√áAMENTO que EST√Å AQUI! Unboxing e Impress√µes,https://www.youtube.com/watch?v=sGUB3oX00Mk,249 mil visualiza√ß√µes,h√° 9 meses,brasiliGEEKS
LG K22 + | VALE A PENA? PARA QUEM √â?,https://www.youtube.com/watch?v=ACENQ2gehvM,75 mil visualiza√ß√µes,h√° 8 meses,√Årea Tech
LG K22+ (Plus) √© bom? Vale a Pena? An√°lise/Review Completa!,https://www.youtube.com/watch?v=kQZ0ojl6SiI,36 mil visualiza√ß√µes,h√° 8 meses,Canal √â Bom?
LG K22 [An√°lise / Review] - TecNoob,https://www.youtube.com/watch?v=ZuWduklzOPE,184 mil visualiza√ß√µes,h√° 9 meses,TecNoob
REVIEW K22 LG BATERIA JOGOS E C√ÇMERA,https://www.youtube.com/watch?v=idiANQ1i2AI,"7,9 mil visualiza√ß√µes",h√° 4 meses,Andressa Santiago
üî¥Review do Smartphone LG K22 32GB 2GB de Ram,https://www.youtube.com/watch?v=PaG9kXTzDtw,"2,2 mil visualiza√ß√µes",h√° 2 meses,Marcos Antonio - Reviews
LG K22 Review / An√°lise,https://www.youtube.com/watch?v=svi6W1U2x5o,354 visualiza√ß√µes,h√° 3 meses,TIARLES NAGATA
"N√ÉO COMPRE O LG K22 ANTES DE VER ESSE V√çDEO, Talvez n√£o seja PARA VOC√ä! - DESindica√ß√£o #4",https://www.youtube.com/watch?v=SDlHxDaajQs,14 mil visualiza√ß√µes,h√° 6 meses,DicioTech - Por Gabriell Dassi
LG K22 UNBOXING E PRIMEIRAS IMPRESS√ïES 2021,https://www.youtube.com/watch?v=lkbNc1R0dQE,"6,4 mil visualiza√ß√µes",h√° 3 meses,Rafael Pacheco
üî¥Smartphone LG K22 64gb √© bom?,https://www.youtube.com/watch?v=NNl8XzSHHw0,"4,4 mil visualiza√ß√µes",h√° 6 meses,Marcos Antonio - Reviews
Teste de queda LG K22+ Plus,https://www.youtube.com/watch?v=uf9j32My418,23 mil visualiza√ß√µes,h√° 4 meses,PassaDica Tech
LG K22 - Ficha T√©cnica | REVIEW EM 1 MINUTO - ZOOM,https://www.youtube.com/watch?v=aQa21X8XoFY,"1,4 mil visualiza√ß√µes",h√° 8 meses,Zoom
UNBOXING SMARTPHONE LG K22 32GB 2GB RAM,https://www.youtube.com/watch?v=jQEW9vLND0k,48 mil visualiza√ß√µes,h√° 7 meses,Rafael Pacheco
LG K22 √© bom mesmo?,https://www.youtube.com/watch?v=lrPHdCr9r9I,196 visualiza√ß√µes,h√° 3 meses,Henrique Cardoso
LG K22 | Fast Review | Fast Shop,https://www.youtube.com/watch?v=vpW4HcpHsG8,"1,6 mil visualiza√ß√µes",h√° 6 meses,Fast Shop
LG K22 vs A01 (Comparativo),https://www.youtube.com/watch?v=NQoe8evYJ78,68 mil visualiza√ß√µes,h√° 9 meses,fone-se
"Redmi 9, ESSE √© o que VALE a pena? [An√°lise/Review]",https://www.youtube.com/watch?v=JOWrERsqHxg,120 mil visualiza√ß√µes,h√° 9 meses,Canaltech
Redmi 9: o baratinho da Xiaomi vale a pena em 2021? - review/an√°lise,https://www.youtube.com/watch?v=L0dWus1ex30,80 mil visualiza√ß√µes,h√° 4 meses,Oficina da Net
Xiaomi Redmi 9 REVIEW: o modelo base da linha Redmi ‚Äì TecMundo,https://www.youtube.com/watch?v=jpSnvmWbYhw,32 mil visualiza√ß√µes,h√° 9 meses,TecMundo
Chegou! Redmi 9 - SER√Å esse o MELHOR XIAOMI CUSTO-BENEF√çCIO? Unboxing e Impress√µes,https://www.youtube.com/watch?v=YBpvb1fxHFo,518 mil visualiza√ß√µes,h√° 11 meses,Gesiel Taveira
"REDMI 9 ainda √© um CELULAR BARATO e BOM DE JOGO, mas com PROBLEMAS | An√°lise / Review",https://www.youtube.com/watch?v=wxxsLxWZjcs,56 mil visualiza√ß√µes,h√° 8 meses,TudoCelular
REDMI 9A: CELULAR BARATO da XIAOMI conquista pela BATERIA | An√°lise / Review,https://www.youtube.com/watch?v=LNt5qeYqRmI,57 mil visualiza√ß√µes,h√° 7 meses,TudoCelular
"Xiaomi REDMI 9 | Mais BARATO e com BATERIA GIGANTE, √ìTIMO DESEMPENHO e C√ÇMERAS! An√°lise/Review",https://www.youtube.com/watch?v=oTzxvOLtxb8,24 mil visualiza√ß√µes,h√° 10 meses,brasiliGEEKS
Olha ele! REDMI 9A - O XIAOMI MAIS BARATO DE 2020! VALE A PENA? Unboxing e Primeiras Impress√µes,https://www.youtube.com/watch?v=1SNLCknahKU,265 mil visualiza√ß√µes,h√° 11 meses,L Tech
XIAOMI REDMI 9 vale a pena? √â O CUSTO BENEF√çCIO DE 2020?,https://www.youtube.com/watch?v=AmF9XRmeQPA,135 mil visualiza√ß√µes,h√° 10 meses,EscolhaSegura
"Redmi Note 9, BARATO ou FORA DA REALIDADE? [An√°lise/Review]",https://www.youtube.com/watch?v=Agc-V0-64k4,233 mil visualiza√ß√µes,h√° 11 meses,Canaltech
PERFEITO PELO PRE√áOüí≤Xiaomi Redmi 9 Globalüî•An√°lise,https://www.youtube.com/watch?v=Tp4JrKQ_Bc0,52 mil visualiza√ß√µes,h√° 1 ano,Tiago Ramos
XIAOMI REDMI NOTE 9 vale a pena? CONTINUA o MELHOR CUSTO BENEF√çCIO? // An√°lise Review Completo!,https://www.youtube.com/watch?v=89XzlH68XwU,504 mil visualiza√ß√µes,h√° 11 meses,EscolhaSegura
O XIAOMI MAIS BARATO ü§ë REDMI 9 EST√Å UM ESPET√ÅCULO PELO SEU PRE√áO üòç,https://www.youtube.com/watch?v=DWItlIiMRug,262 mil visualiza√ß√µes,h√° 1 ano,K Tech
XIAOMI MI 9 vale a pena? | An√°lise / Review Completo,https://www.youtube.com/watch?v=4V8j2HU-Ljk,563 mil visualiza√ß√µes,h√° 2 anos,EscolhaSegura
Xiaomi Redmi Note 9 vs Redmi 9 - ENTENDA QUAL O MELHOR PRA VOC√ä! QUAL COMPRAR? TEM MUITA DIFEREN√áA?,https://www.youtube.com/watch?v=k2xA73AtCUE,447 mil visualiza√ß√µes,h√° 8 meses,Gesiel Taveira
Redmi 9 e Redmi Note 9 - Voc√™ Precisa Saber Disso!,https://www.youtube.com/watch?v=KQoLppgx5RQ,18 mil visualiza√ß√µes,h√° 9 meses,Em An√°lise
"Com ele! O MAIS BARATO DA XIAOMI EM 2020! Redmi 9A, MELHOROU? ou PIOROU? ü•µ",https://www.youtube.com/watch?v=0EUg5QZoonQ,140 mil visualiza√ß√µes,h√° 10 meses,Jersu
"REDMI 9, o verdadeiro XIAOMI bom e barato? Vale a pena COMPRAR esse SMARTPHONE pra VOC√ä? Olha isso!",https://www.youtube.com/watch?v=85eTN4iyoxY,365 mil visualiza√ß√µes,h√° 10 meses,Gesiel Taveira
"Redmi Note 9, esse XIAOMI t√° vendendo MUITO! Ser√° uma BOA OP√á√ÉO pra VOC√ä? Assista esse v√≠deo",https://www.youtube.com/watch?v=4DV9lgzEKcI,738 mil visualiza√ß√µes,h√° 10 meses,Gesiel Taveira
XIAOMI MI 9: √≥timo competidor que n√£o custa US$ 1.000 [An√°lise / Review],https://www.youtube.com/watch?v=PeyAkq1gaEk,315 mil visualiza√ß√µes,h√° 2 anos,Canaltech
Smartphone 128GB POR 900 REAIS! PHILCO HIT MAX - PCS02 | An√°lise/ Review,https://www.youtube.com/watch?v=r7nyg6HWofk,22 mil visualiza√ß√µes,h√° 8 meses,brasiliGEEKS
Philco Hit Max: o smartphone acess√≠vel com 128 GB,https://www.youtube.com/watch?v=z2c7vUAM1Ck,39 mil visualiza√ß√µes,h√° 7 meses,Canaltech
PHILCO HIT MAX - ESSE VALE A PENA? Confiram nosso Review,https://www.youtube.com/watch?v=bmxzjJYmGXE,38 mil visualiza√ß√µes,h√° 10 meses,Tekimobile
O Smartphone mais BARATO com 128GB no BRASIL! PHILCO HIT MAX - Unboxing e Impress√µes,https://www.youtube.com/watch?v=_cBao8i7h48,612 mil visualiza√ß√µes,h√° 9 meses,Gesiel Taveira
COMPENSA COMPRAR o smartphone mais BARATO do BRASIL com 128GB? O PHILCO HIT MAX √© uma BOA OP√á√ÉO?,https://www.youtube.com/watch?v=ruGvEDrLAqM,125 mil visualiza√ß√µes,h√° 9 meses,Gesiel Taveira
Philco HIT MAX - PCS02 | E n√£o √© que me SURPREENDEU? Unboxing e Impress√µes,https://www.youtube.com/watch?v=Q57RwtkGyYc,50 mil visualiza√ß√µes,h√° 9 meses,brasiliGEEKS
"PHILCO HIT P10 mostra AVAN√áOS da MARCA, mas ainda tem muito o que MELHORAR | An√°lise / Review",https://www.youtube.com/watch?v=2kDjtKkl8PA,"9,8 mil visualiza√ß√µes",h√° 1 m√™s,TudoCelular
128GB BARATO e com DESEMPENHO pra JOGOS? // Philco Hit P10 - unboxing e impress√µes!,https://www.youtube.com/watch?v=BG4F90LROjo,38 mil visualiza√ß√µes,h√° 6 meses,EscolhaSegura
"UNBOXING Philco HIT MAX, Vale a pena comprar?",https://www.youtube.com/watch?v=XT-ujPW5wPI,15 mil visualiza√ß√µes,h√° 11 meses,Tekimobile
1 M√™s de uso - Experi√™ncia com o Smartphone Philco Hit Max PCS02 128GB,https://www.youtube.com/watch?v=GS6Xxu3fA4A,"9,4 mil visualiza√ß√µes",h√° 6 meses,START Perif√©ricos
"PHILCO HIT P10 | Configura√ß√µes poderosas, mas VALE A PENA? An√°lise / Review",https://www.youtube.com/watch?v=E4JMIVGu5pI,10 mil visualiza√ß√µes,h√° 5 meses,brasiliGEEKS
"Philco Hit Plus: poucas mudan√ßas, mas importantes [Unboxing/Hands-on]",https://www.youtube.com/watch?v=sO4eFoLQr7g,85 mil visualiza√ß√µes,h√° 11 meses,Canaltech
"Philco Hit PCS01, o primeiro smartphone da empresa que √© cheio de acertos [AN√ÅLISE/REVIEW]",https://www.youtube.com/watch?v=EpKqOYU3_xw,139 mil visualiza√ß√µes,h√° 1 ano,Canaltech
Review Philco HIT (PCS01): das TVs aos celulares b√°sicos ‚Äì TecMundo,https://www.youtube.com/watch?v=gAqK1-CxVGs,19 mil visualiza√ß√µes,h√° 1 ano,TecMundo
3 Meses de Uso - Experi√™ncia com o Smartphone Philco Hit Max PCS02 128GB,https://www.youtube.com/watch?v=ZuE1sIP3PXM,"2,5 mil visualiza√ß√µes",h√° 3 meses,START Perif√©ricos
Philco Hit Plus PCS02P - Review Tecnoblog,https://www.youtube.com/watch?v=ysas5C2m1qE,14 mil visualiza√ß√µes,h√° 10 meses,Tecnoblog
Philco Hit Max - Ficha T√©cnica | REVIEW EM 1 MINUTO - ZOOM,https://www.youtube.com/watch?v=P7SntaQYANA,1 mil visualiza√ß√µes,h√° 7 meses,Zoom
Philco HIT Max √© bom mesmo?,https://www.youtube.com/watch?v=hjVKIJiTgqs,79 visualiza√ß√µes,h√° 3 meses,Henrique Cardoso
Um Smartphone BARATO com 128GB no BRASIL? Esse PHILCO HIT P10 √© bom? Unboxing e Impress√µes,https://www.youtube.com/watch?v=HmaRL18FqUU,238 mil visualiza√ß√µes,h√° 3 meses,Gesiel Taveira
Hit P10: o melhor smartphone da Philco de 2020,https://www.youtube.com/watch?v=xky8YZ2QCoE,35 mil visualiza√ß√µes,h√° 6 meses,Canaltech
üîã 6000 mAh e tela GIGANTE!! MOTO G9 POWER a pena? // An√°lise e Review Completo!,https://www.youtube.com/watch?v=Kjsxyw-9txQ,52 mil visualiza√ß√µes,h√° 6 meses,EscolhaSegura
"Moto G9 Power, ENORME na BATERIA e TAMANHO",https://www.youtube.com/watch?v=JzYg8JAHhh8,246 mil visualiza√ß√µes,h√° 6 meses,Canaltech
Moto G9 Power REVIEW: Vale a pena comprar?,https://www.youtube.com/watch?v=z00CmJWQ96s,37 mil visualiza√ß√µes,h√° 5 meses,Oficina da Net
MOTO G9 POWER foca em quem quer MUITA BATERIA no seu retorno √†s ra√≠zes | An√°lise / Review,https://www.youtube.com/watch?v=i3UVx6jnSiA,56 mil visualiza√ß√µes,h√° 6 meses,TudoCelular
MOTO G9 POWER ! Tela e Bateria GIGANTES! An√°lise / Review,https://www.youtube.com/watch?v=nYhQONUoNlg,23 mil visualiza√ß√µes,h√° 5 meses,brasiliGEEKS
MOTO G9 PLUS vs. MOTO G9 POWER: ¬øCu√°l Escoger?,https://www.youtube.com/watch?v=K7UJ04YjzK8,16 mil visualiza√ß√µes,h√° 2 meses,Iv√°n Luzardo
CHEGOU! Motorola MOTO G9 POWER com FOR√áA TOTAL? Unboxing e Impress√µes,https://www.youtube.com/watch?v=efbnQ2I3zIg,417 mil visualiza√ß√µes,h√° 6 meses,Gesiel Taveira
Moto G9 Power - Review Tecnoblog,https://www.youtube.com/watch?v=GKwHwDUyku0,15 mil visualiza√ß√µes,h√° 6 meses,Tecnoblog
An√°lise do MOTO G9 Power: TELA e BATERIA de sobra! | Vale a pena?,https://www.youtube.com/watch?v=-pRqZx4t56E,10 mil visualiza√ß√µes,h√° 5 meses,Mundo Conectado
Motorola Moto G9 Power em an√°lise: veja pr√≥s e contras do celular,https://www.youtube.com/watch?v=zHVkZHbZg8g,1 mil visualiza√ß√µes,h√° 5 meses,TechTudo
MOTO G9 POWER! Bateria ENORME e tela GIGANTE! A√≠ sim hein! UNBOXING!,https://www.youtube.com/watch?v=28oppgGBRt8,45 mil visualiza√ß√µes,h√° 6 meses,Be!Tech
Motorola Moto G9 Play vs Moto G9 Power - QUAL COMPRAR? QUAL O MELHOR PRA VOC√ä? COMPARATIVO!,https://www.youtube.com/watch?v=kX2xqUDqfRA,288 mil visualiza√ß√µes,h√° 5 meses,Gesiel Taveira
"MOTO G9 POWER | Agora com BATERA AINDA MAIOR, J√° T√Å NA M√ÉO! Unboxing e Impress√µes",https://www.youtube.com/watch?v=_GOF0EgTMU0,33 mil visualiza√ß√µes,h√° 6 meses,brasiliGEEKS
MOTO G9 POWER | VALE A PENA COMPRAR EM 2021? AN√ÅLISE DETALHADA,https://www.youtube.com/watch?v=_iHROq8X5nw,"1,4 mil visualiza√ß√µes",h√° 2 meses,TecDuos
MOTO G9 POWER: √© BATERIA que VOC√ä QUER? Ent√£o TOME | Hands-on,https://www.youtube.com/watch?v=7wPVN1LqPFw,37 mil visualiza√ß√µes,h√° 6 meses,TudoCelular
CHEGOU COM FOR√áA! Motorola MOTO G9 POWER tudo que voc√™ precisa saber - Unboxing e An√°lise Completa,https://www.youtube.com/watch?v=FoPxTKQ3hi0,"4,8 mil visualiza√ß√µes",h√° 6 meses,PLAY android
MOTO G30 vs G9 POWER: CELULAR MOTOROLA mais NOVO significa ser MELHOR? | Comparativo,https://www.youtube.com/watch?v=QK_UN-wac3w,10 mil visualiza√ß√µes,h√° 2 semanas,TudoCelular
MOTO G8 POWER vs G9 POWER: quem realmente √© o DONO da melhor BATERIA? | Comparativo,https://www.youtube.com/watch?v=dYq7KClbw7M,33 mil visualiza√ß√µes,h√° 5 meses,TudoCelular
Motorola Moto G9 POWER! DOIDEIRA DA MOTOROLA?,https://www.youtube.com/watch?v=eScN99pPkbI,30 mil visualiza√ß√µes,h√° 6 meses,Dudu Rocha
MOTOROLA MOTO G9 POWER! Vale a pena comprar?,https://www.youtube.com/watch?v=FpOfjDB8C2g,21 mil visualiza√ß√µes,h√° 3 meses,Kah Nogueira
Galaxy M31: o modelo mais competitivo da Samsung em 2020 [An√°lise/Review],https://www.youtube.com/watch?v=C2W1JgR50XA,183 mil visualiza√ß√µes,h√° 10 meses,Canaltech
GALAXY M31: candidato a MELHOR CELULAR INTERMEDI√ÅRIO de 2020 tem poucos por√©ns | An√°lise / Review,https://www.youtube.com/watch?v=D0n0w7BIdlk,151 mil visualiza√ß√µes,h√° 10 meses,TudoCelular
"Galaxy M31, o MELHOR SAMSUNG ""barato"" de 2020? Esse VOC√ä vai GOSTAR! Unboxing e Impress√µes",https://www.youtube.com/watch?v=bt2Xrm4Grl4,933 mil visualiza√ß√µes,h√° 11 meses,Gesiel Taveira
"Review GALAXY M31! O que REALMENTE IMPORTA, ELE TEM! SAMSUNG MANDOU BEM!",https://www.youtube.com/watch?v=Z_U42P0ys00,93 mil visualiza√ß√µes,h√° 11 meses,Be!Tech
Review Galaxy M31: dois dias de bateria e melhor que o A51 - TecMundo,https://www.youtube.com/watch?v=y_1GQLnlBaA,38 mil visualiza√ß√µes,h√° 11 meses,TecMundo
Ainda VALE a PENA em 2021!? SAMSUNG Galaxy M31! Que SITUA√á√ÉO COMPLICADA ele FICOU HEIN?,https://www.youtube.com/watch?v=wonmAwIouaY,46 mil visualiza√ß√µes,h√° 3 meses,Be!Tech
SAMSUNG GALAXY M31 // um INTERMEDI√ÅRIO com 6000mAh de BATERIA e 128GB de armazenamento!,https://www.youtube.com/watch?v=5JWFHfF4nGg,304 mil visualiza√ß√µes,h√° 11 meses,EscolhaSegura
Samsung Galaxy M31 - Vale a pena? | An√°lise completa,https://www.youtube.com/watch?v=84bwlqphFbI,19 mil visualiza√ß√µes,h√° 9 meses,Zoom
GALAXY M31 | Ser√° mesmo a MELHOR OP√á√ÉO? An√°lise / Review,https://www.youtube.com/watch?v=Wt4nVGUgTVk,46 mil visualiza√ß√µes,h√° 11 meses,brasiliGEEKS
SAMSUNG GALAXY M31 √© a OP√á√ÉO do MOMENTO? Vale MESMO a pena? // An√°lise & Review Completo!,https://www.youtube.com/watch?v=uhZwOBzOSMI,85 mil visualiza√ß√µes,h√° 11 meses,EscolhaSegura
Samsung Galaxy M31 - Review Tecnoblog,https://www.youtube.com/watch?v=4w7dHTJyVSs,20 mil visualiza√ß√µes,h√° 11 meses,Tecnoblog
Samsung GALAXY M31 ainda VALE A PENA em 2021? √â um bom SMARTPHONE pra VOC√ä?,https://www.youtube.com/watch?v=Smv_2_bYn_4,61 mil visualiza√ß√µes,h√° 3 semanas,Gesiel Taveira
"Samsung Galaxy M31, a linha ""acess√≠vel"" VOLTOU? [Unboxing/Hands-on]",https://www.youtube.com/watch?v=787sfe8R__w,158 mil visualiza√ß√µes,h√° 11 meses,Canaltech
Galaxy M31 ( Melhor custo benef√≠cio atualmente?) An√°lise e impress√µes,https://www.youtube.com/watch?v=F3QSpyE00sc,46 visualiza√ß√µes,h√° 5 meses,Info-Nerd
"SAMSUNG GALAXY M31, celular INTERMEDI√ÅRIO de MAIOR BATERIA no Brasil | Hands-on",https://www.youtube.com/watch?v=pSd9LgpWmso,144 mil visualiza√ß√µes,h√° 11 meses,TudoCelular
Galaxy M31 √© bom? Vale a pena comprar?,https://www.youtube.com/watch?v=rEJBNVFINoc,"9,9 mil visualiza√ß√µes",h√° 7 meses,Tt Tech
OLHA ESSA BATERIA! - Galaxy M31,https://www.youtube.com/watch?v=B5wuXnBcPro,1 mi de visualiza√ß√µes,h√° 11 meses,Coisa de Nerd
Samsung Galaxy M31 √© bom em jogos? - RODA LISO,https://www.youtube.com/watch?v=GSmgQhJR0Ws,74 mil visualiza√ß√µes,h√° 11 meses,Oficina da Net
SAMSUNG GALAXY M31 - PR√ìS E CONTRAS,https://www.youtube.com/watch?v=YTTS3xAXaiM,75 mil visualiza√ß√µes,h√° 11 meses,Linuxbrs
"SAMSUNG GALAXY M31 - 63 DIAS DE USO, CHEGA N√â???",https://www.youtube.com/watch?v=hcmQZd2Ff3g,64 mil visualiza√ß√µes,h√° 8 meses,Linuxbrs
MOTOROLA ONE FUSION PLUS: um Hyper MELHORADO? | An√°lise / Review,https://www.youtube.com/watch?v=KJIadDXIThg,86 mil visualiza√ß√µes,h√° 10 meses,TudoCelular
MOTOROLA ONE FUSION PLUS! Sem D√öVIDA o REI do CUSTO BENEF√çCIO da MOTOROLA! REVIEW!,https://www.youtube.com/watch?v=jzZLMpG59xs,117 mil visualiza√ß√µes,h√° 9 meses,Be!Tech
"MOTOROLA ONE FUSION PLUS em 2021! Agora MAIS BARATO, vale a pena comprar? REVIEW/AN√ÅLISE",https://www.youtube.com/watch?v=yjVrU4tenzE,57 mil visualiza√ß√µes,h√° 5 meses,Oficina da Net
MOTOROLA ONE FUSION PLUS! MUITOS ACERTOS em V√ÅRIOS SENTIDOS! BOA MOTOROLA! UNBOXING!,https://www.youtube.com/watch?v=F3WsSoo7TR8,199 mil visualiza√ß√µes,h√° 11 meses,Be!Tech
Motorola ONE FUSION+ | MUITA BATERIA com √≥timo DESEMPENHO e C√ÇMERAS! An√°lise/Review,https://www.youtube.com/watch?v=aaoJLwNWMnI,23 mil visualiza√ß√µes,h√° 10 meses,brasiliGEEKS
Motorola One Fusion e Fusion+ [Unboxing],https://www.youtube.com/watch?v=vkT1Rzy7TtE,237 mil visualiza√ß√µes,h√° 11 meses,Canaltech
"Motorola One Fusion+, o BRANQUINHO MAIS LINDO de 2020? Unboxing e Impress√µes",https://www.youtube.com/watch?v=MR7kfsi2qkM,473 mil visualiza√ß√µes,h√° 10 meses,Gesiel Taveira
"MOTOROLA ONE FUSION foca do DESEMPENHO, BATERIA e C√ÇMERAS | An√°lise / Review",https://www.youtube.com/watch?v=FQHafzoM3FU,196 mil visualiza√ß√µes,h√° 10 meses,TudoCelular
One Fusion Plus √© bom? Vale a pena COMPRAR?,https://www.youtube.com/watch?v=_AWh2_8JEpg,"9,3 mil visualiza√ß√µes",h√° 9 meses,Tt Tech
MOTOROLA ONE FUSION PLUS! O que ela N√ÉO poderia ter feito de JEITO NENHUM! Motorola one fusion+,https://www.youtube.com/watch?v=PYjG8-nKyJI,80 mil visualiza√ß√µes,h√° 10 meses,Dudu Rocha
Motorola One Fusion e Fusion+: novos celulares com bateria de at√© 2 dias no Brasil! - TecMundo,https://www.youtube.com/watch?v=GpGs-y_ylCw,91 mil visualiza√ß√µes,h√° 11 meses,TecMundo
Motorola One Macro vs Hyper vs Fusion e Fusion+ [Comparativo],https://www.youtube.com/watch?v=nfqOY-5_2Go,134 mil visualiza√ß√µes,h√° 8 meses,Canaltech
MOTOROLA ONE FUSION vale a pena? // An√°lise & Review Completo!,https://www.youtube.com/watch?v=IQ3Z6gXpCZk,160 mil visualiza√ß√µes,h√° 9 meses,EscolhaSegura
"MOTO G9 PLUS vs ONE FUSION PLUS: mesmo processador, EXPERI√äNCIAS BEM DIFERENTES | Comparativo",https://www.youtube.com/watch?v=AOtvIGrMvXw,90 mil visualiza√ß√µes,h√° 8 meses,TudoCelular
Chegou! MOTOROLA ONE FUSION PLUS - QUE COR LINDA e C√ÇMERA POP UP! #UNBOXING,https://www.youtube.com/watch?v=qwn3cekn7yQ,214 mil visualiza√ß√µes,h√° 11 meses,TukEmperial
"MOTOROLA ONE FUSION+ | Agora que Est√° MAIS BARATO, VALE A COMPRA?",https://www.youtube.com/watch?v=s0eaIMaEj-c,24 mil visualiza√ß√µes,h√° 7 meses,brasiliGEEKS
Motorola ONE FUSION PLUS √© melhor que o MOTO G9 PLUS? Qual comprar? Veja esse COMPARATIVO!,https://www.youtube.com/watch?v=9Ds0BahdQd4,235 mil visualiza√ß√µes,h√° 9 meses,Gesiel Taveira
"CHEGOU! Motorola ONE FUSION t√° aqui, mas ser√° um bom SMARTPHONE? Unboxing e Impress√µes",https://www.youtube.com/watch?v=vXu89gqgEGg,469 mil visualiza√ß√µes,h√° 7 meses,Gesiel Taveira
"QUAL √â MELHOR, Motorola G9 plus ou Moto Fusion plus? O que realmente Vale?",https://www.youtube.com/watch?v=6KTpoubeVls,44 mil visualiza√ß√µes,h√° 8 meses,Dudu Rocha
"Motorola One Fusion+ roda liso, CoD Mobile, FREE FIRE e PUBG?",https://www.youtube.com/watch?v=IWHj1ebF1WQ,24 mil visualiza√ß√µes,h√° 7 meses,Oficina da Net
SAMSUNG GALAXY A71 vale a pena? | An√°lise / Review Completo,https://www.youtube.com/watch?v=arTLY7nj4Y0,564 mil visualiza√ß√µes,h√° 1 ano,EscolhaSegura
"Samsung Galaxy A71: um intermedi√°rio completo, interessante e caro [An√°lise/Review]",https://www.youtube.com/watch?v=OM3y5Aj87FU,510 mil visualiza√ß√µes,h√° 1 ano,Canaltech
Review Samsung Galaxy A71: um celular intermedi√°rio completo ‚Äì TecMundo,https://www.youtube.com/watch?v=w8ZokAmv8yE,257 mil visualiza√ß√µes,h√° 10 meses,TecMundo
"An√°lise do Samsung Galaxy A71: 06 meses depois, VALE A PENA?",https://www.youtube.com/watch?v=UOczVkDtNy0,249 mil visualiza√ß√µes,h√° 9 meses,Mundo Conectado
Galaxy A71 - O NOVO GIGANTE DA SAMSUNG! Unboxing e Impress√µes,https://www.youtube.com/watch?v=TXRGXFVxlEc,"1,2 mi de visualiza√ß√µes",h√° 1 ano,Gesiel Taveira
"GALAXY A71 | Agora, VALE A PENA! An√°lise/ Review ATUALIZADO",https://www.youtube.com/watch?v=i4IceenolYE,83 mil visualiza√ß√µes,h√° 11 meses,brasiliGEEKS
AN√ÅLISE GALAXY A71! SER√Å QUE VALE A PENA?,https://www.youtube.com/watch?v=MX0YUnRb_-g,23 mil visualiza√ß√µes,h√° 11 meses,Matheus Kise
GALAXY A71! SER√Å ELE o REI da SAMSUNG!? COMPLETO e com √ìTIMAS C√ÇMERAS! REVIEW!,https://www.youtube.com/watch?v=bTwsyaDgD6g,320 mil visualiza√ß√µes,h√° 11 meses,Be!Tech
GALAXY A71: AVAN√áOS DISCRETOS para se MANTER RELEVANTE | An√°lise / Review,https://www.youtube.com/watch?v=E8n6fAU4nI0,186 mil visualiza√ß√µes,h√° 1 ano,TudoCelular
SAMSUNG GALAXY A71 - AN√ÅLISE DEFINITIVA!,https://www.youtube.com/watch?v=ewJN30UvgY4,30 mil visualiza√ß√µes,h√° 11 meses,Tech Nerd
SAMSUNG GALAXY A71 CHEGOU ! SER√Å O MELHOR CUSTO BENEF√çCIO BRASIL?,https://www.youtube.com/watch?v=0q_EGLVpX88,382 mil visualiza√ß√µes,h√° 1 ano,K Tech
GALAXY A71! Um dos MAIS COMPLETOS e DESEJADOS da SAMSUNG! √â BOM MESMO!? UNBOXING!,https://www.youtube.com/watch?v=v5TrkKvVDfs,326 mil visualiza√ß√µes,h√° 1 ano,Be!Tech
Samsung Galaxy A71 √© bom em jogos? Roda Liso?,https://www.youtube.com/watch?v=f0HlKgYGg5A,98 mil visualiza√ß√µes,h√° 1 ano,Oficina da Net
Galaxy A72 vs A71: recursos de CELULAR TOP valem mais que MELHOR DESEMPENHO? | Comparativo,https://www.youtube.com/watch?v=urBYBr8K-pA,48 mil visualiza√ß√µes,h√° 1 m√™s,TudoCelular
Samsung Galaxy A71 - Review Tecnoblog,https://www.youtube.com/watch?v=CKRlXjrPVPk,59 mil visualiza√ß√µes,h√° 1 ano,Tecnoblog
A REAL sobre o GALAXY A71. O QUASE TOP da Samsung vale a pena?,https://www.youtube.com/watch?v=xra9DQ1kERA,132 mil visualiza√ß√µes,h√° 11 meses,Dudu Rocha
"SAMSUNG GALAXY A71 | EXCELENTE, MAS TINHA QUE CUSTAR MENOS! AN√ÅLISE / REVIEW",https://www.youtube.com/watch?v=Gp_WtW6dg2A,57 mil visualiza√ß√µes,h√° 1 ano,brasiliGEEKS
"Galaxy A71, esse SAMSUNG VALE a PENA? Ser√° uma boa op√ß√£o pra VOC√ä?",https://www.youtube.com/watch?v=2ips8zW15Tg,301 mil visualiza√ß√µes,h√° 1 ano,Gesiel Taveira
Samsung Galaxy A51 vs Galaxy A71 [COMPARATIVO],https://www.youtube.com/watch?v=YxV5qwt_DDg,423 mil visualiza√ß√µes,h√° 1 ano,Canaltech
SAMSUNG GALAXY A71: um intermedi√°rio completo | An√°lise / Review,https://www.youtube.com/watch?v=F303gqSwGao,292 visualiza√ß√µes,h√° 6 meses,Edu
SE tem MELHOR eu DESCONHE√áO - POCO X3 NFC AN√ÅLISE [ Review ] COMPLETA !,https://www.youtube.com/watch?v=Su7pXca7gqE,213 mil visualiza√ß√µes,h√° 8 meses,K Tech
POCO X3 NFC: TELA 120 Hz √© suficiente para ter um BOM CELULAR GAMER? | An√°lise / Review,https://www.youtube.com/watch?v=NpQGI6Tlur4,82 mil visualiza√ß√µes,h√° 7 meses,TudoCelular
"Poco X3 NFC, ainda √© a melhor op√ß√£o de todas?",https://www.youtube.com/watch?v=SqYIwbygGQg,242 mil visualiza√ß√µes,h√° 5 meses,Canaltech
"CHEGOU! POCO X3 NFC da XIAOMI, o SMARTPHONE mais BARATO com TELA de 120Hz - Unboxing e Impress√µes",https://www.youtube.com/watch?v=6Kr5NbtA9uE,775 mil visualiza√ß√µes,h√° 8 meses,Gesiel Taveira
N√£o compre o XIAOMI POCO X3 NFC antes de VER esse V√çDEO! Veja se √© isso que voc√™ quer!,https://www.youtube.com/watch?v=ak72DmxUaIw,573 mil visualiza√ß√µes,h√° 7 meses,Gesiel Taveira
Xiaomi POCO X3 | Caracter√≠sticas TOP por um PRE√áO que N√ÉO ASSUSTA | An√°lise / Reivew,https://www.youtube.com/watch?v=cueqPvHlNmE,35 mil visualiza√ß√µes,h√° 7 meses,brasiliGEEKS
O MAIS BARATO DE 120hz! Adorei o XIAOMI POCO X3 NFC! üòÉ // Unboxing e Impress√µes,https://www.youtube.com/watch?v=OJLBC9XuXZs,171 mil visualiza√ß√µes,h√° 8 meses,EscolhaSegura
POCO X3 NFC | An√°lise de C√¢meras (Review/Teste),https://www.youtube.com/watch?v=dzsUM_vMfLI,"5,2 mil visualiza√ß√µes",h√° 8 meses,Jeff Recomenda
MELHOR Celular Intermedi√°rio 2021! Review Xiaomi Poco X3 NFC (An√°lise Completa),https://www.youtube.com/watch?v=og5BS7ff_44,145 visualiza√ß√µes,h√° 1 m√™s,GBC Edits
POCO X3 NFC j√° est√° na M√ÉO üò± O MELHOR CUSTO BENEF√çCIO de TODOS !,https://www.youtube.com/watch?v=4Nd3-TcoU4s,362 mil visualiza√ß√µes,h√° 9 meses,K Tech
"poco x3 NFC, unboxing, an√°lise na pr√°tica, opini√£o de usu√°rio.",https://www.youtube.com/watch?v=WeHVDAPfAyk,917 visualiza√ß√µes,h√° 2 meses,fabio Oliveira
Xiaomi Poco X3 - Review Tecnoblog,https://www.youtube.com/watch?v=04GmEWMKLd4,29 mil visualiza√ß√µes,h√° 8 meses,Tecnoblog
"Poco X3 PRO, um Xiaomi com Snapdragon 860 | Pocophone Gamer? [An√°lise/Review] e [Comparativo]",https://www.youtube.com/watch?v=V2Ok_WldtBY,114 mil visualiza√ß√µes,h√° 1 m√™s,Canaltech
POCO X3 NFC! O REI do CUSTO BENEF√çCIO dos GAMERS! Tela de 120hz com PRE√áO bom DEMAIS! Unboxing!,https://www.youtube.com/watch?v=Y_qrZIP5qbc,90 mil visualiza√ß√µes,h√° 5 meses,Be!Tech
Poco X3 - An√°lise Honesta - Exatamente o que voc√™ precisa?,https://www.youtube.com/watch?v=WW0-5vjA-Os,37 mil visualiza√ß√µes,h√° 7 meses,Pinche Tech
Xiaomi POCO X3! A VERDADE! N√£o Vale a pena‚ùì N√ÉO COMPRE SEM VER ESSE V√çDEO!,https://www.youtube.com/watch?v=7wi8hQGmjCo,56 mil visualiza√ß√µes,h√° 2 meses,Dudu Rocha
POCO X3 - Vale a Pena?! A Melhor Op√ß√£o da Xiaomi?! Super An√°lise / Review,https://www.youtube.com/watch?v=Gr0H_V1cFmw,"2,8 mil visualiza√ß√µes",h√° 4 meses,Mega Tec Phone
"POCO X3 NFC : Sem d√∫vida, um dos MELHORES que a XIAOMI j√° LAN√áOU!",https://www.youtube.com/watch?v=YgyKgNC3aLA,73 mil visualiza√ß√µes,h√° 4 meses,Be!Tech
X3 PRO: MELHOR CELULAR para JOGAR PAGANDO POCO? | An√°lise / Review,https://www.youtube.com/watch?v=DO5W0f2Oq_Y,31 mil visualiza√ß√µes,h√° 3 semanas,TudoCelular
Xiaomi Poco X3 NFC: O MELHOR dos smartphones baratos em 2020 [An√°lise / Review],https://www.youtube.com/watch?v=bXQmiBkc7-I,19 mil visualiza√ß√µes,h√° 9 meses,Isto est√° ligado? /// Rui Tukayana
"Redmi Note 9S, vale a pena ou n√£o? [An√°lise/Review]",https://www.youtube.com/watch?v=Ng1F4Ex9LdE,509 mil visualiza√ß√µes,h√° 1 ano,Canaltech
REDMI NOTE 9S: MELHOR CUSTO-BENEF√çCIO da nova fam√≠lia da XIAOMI | An√°lise / Review,https://www.youtube.com/watch?v=2p_i0hemb4E,153 mil visualiza√ß√µes,h√° 1 ano,TudoCelular
A MELHOR ESCOLHA ! XIAOMI REDMI NOTE 9s AN√ÅLISE [ Review ] COMPLETA !,https://www.youtube.com/watch?v=3RUa12gYXek,227 mil visualiza√ß√µes,h√° 1 ano,K Tech
XIAOMI REDMI NOTE 9S - Minha Opini√£o SINCERA! | Hands-on,https://www.youtube.com/watch?v=KyZrwn2zvuQ,512 mil visualiza√ß√µes,h√° 1 ano,EscolhaSegura
XIAOMI REDMI NOTE 9S vale a pena? T√° custo benef√≠cio? // an√°lise completa!,https://www.youtube.com/watch?v=77Xi8ZGhclY,156 mil visualiza√ß√µes,h√° 1 ano,EscolhaSegura
o REDMI NOTE 9S ainda √© uma boa? RE-AN√ÅLISE 6 MESES DEPOIS!,https://www.youtube.com/watch?v=oXBN7PIjTyA,28 mil visualiza√ß√µes,h√° 6 meses,Matheus Kise
XIAOMI REDMI NOTE 9S: Vale a pena comprar? - AN√ÅLISE,https://www.youtube.com/watch?v=Kr5ZSCP7DFk,51 mil visualiza√ß√µes,h√° 1 ano,Oficina da Net
"Redmi Note 9S, o QUERIDINHO da XIAOMI CHEGOU AQUI! Unboxing e Impress√µes",https://www.youtube.com/watch?v=qquxfVwxcjI,995 mil visualiza√ß√µes,h√° 1 ano,Gesiel Taveira
REDMI NOTE 9S | AN√ÅLISE COMPLETA DO GRANDALH√ÉO DA XIAOMI! (OPINI√ÉO SINCERA!),https://www.youtube.com/watch?v=R_4PEVnxK0M,"1,5 mil visualiza√ß√µes",h√° 4 meses,Carlos Leal
Redmi Note 9S - Ainda Vale a Pena em 2021? An√°lise / Review,https://www.youtube.com/watch?v=zecUZVs9Q2g,1 mil visualiza√ß√µes,h√° 7 meses,Mega Tec Phone
REDMI NOTE 9S! O melhor CUSTO BENEF√çCIO da FAM√çLIA REDMI? A XIAOMI ACERTOU? REVIEW!,https://www.youtube.com/watch?v=bKK4VnZ_vbk,84 mil visualiza√ß√µes,h√° 11 meses,Be!Tech
N√ÉO TEM CONVERSA! Xiaomi REDMI NOTE 9S √© o que √©! VEJA!,https://www.youtube.com/watch?v=dzFNI87JpPY,395 mil visualiza√ß√µes,h√° 6 meses,TukEmperial
"Redmi Note 9, BARATO ou FORA DA REALIDADE? [An√°lise/Review]",https://www.youtube.com/watch?v=Agc-V0-64k4,233 mil visualiza√ß√µes,h√° 11 meses,Canaltech
XIAOMI REDMI NOTE 9 vale a pena? CONTINUA o MELHOR CUSTO BENEF√çCIO? // An√°lise Review Completo!,https://www.youtube.com/watch?v=89XzlH68XwU,504 mil visualiza√ß√µes,h√° 11 meses,EscolhaSegura
"CHEGOU! Redmi Note 9S, o NOVO queridinho dos brasileiros? [Unboxing]",https://www.youtube.com/watch?v=2Hlm1PNyyg8,227 mil visualiza√ß√µes,h√° 1 ano,Canaltech
REDMI NOTE 9s: Isso que √© um Celular CUSTO BENEF√çCIO! (Review e An√°lise),https://www.youtube.com/watch?v=bpqvQt1CvBM,1 mil visualiza√ß√µes,h√° 3 meses,Paulo da Tecnologia
REDMI NOTE 9S T√Å NA M√ÉO ! O Maior SUCESSO da XIAOMI !,https://www.youtube.com/watch?v=9T0kwmn_hVU,840 mil visualiza√ß√µes,h√° 1 ano,K Tech
A MELHOR ESCOLHA !! XIAOMI REDMI NOTE 9S AN√ÅLISE [Review] COMPLETA,https://www.youtube.com/watch?v=FK_cR_EvzTk,"1,7 mil visualiza√ß√µes",h√° 11 meses,C√ÅLICO
"REDMI NOTE 9S no Brasil! O novo smartphone grand√£o e ""baratinho"" da Xiaomi ‚Äì TecMundo",https://www.youtube.com/watch?v=jzvQnnB2reE,83 mil visualiza√ß√µes,h√° 1 ano,TecMundo
Redmi Note 10 vs Redmi Note 9S! A BRIGA entre os XIAOMI n√£o √© T√ÉO SIMPLES! Qual o MELHOR SMARTPHONE?,https://www.youtube.com/watch?v=HhYBk6gmS6s,40 mil visualiza√ß√µes,h√° 2 meses,Be!Tech
"Samsung Galaxy M51, 7000 mAh de bateria [An√°lise/Review]",https://www.youtube.com/watch?v=Puk5EruRgHM,289 mil visualiza√ß√µes,h√° 5 meses,Canaltech
GALAXY M51: MELHOR AUTONOMIA de BATERIA em 2020 com um algo a mais | An√°lise / Review,https://www.youtube.com/watch?v=a6RMJvojT6Q,99 mil visualiza√ß√µes,h√° 6 meses,TudoCelular
"7000mAh de BATERIA, OK..mas e o RESTO ? SAMSUNG GALAXY M51 AN√ÅLISE [ Review ] COMPLETA !",https://www.youtube.com/watch?v=B3UL0mJKF4Q,151 mil visualiza√ß√µes,h√° 7 meses,K Tech
Samsung Galaxy M51 - Review Tecnoblog,https://www.youtube.com/watch?v=31LoSgtj0Bc,22 mil visualiza√ß√µes,h√° 4 meses,Tecnoblog
"Galaxy M51! Sem D√öVIDA, uma das MELHORES OP√á√ïES da SAMSUNG no MOMENTO! Review COMPLETO!",https://www.youtube.com/watch?v=FwjvIN094S4,52 mil visualiza√ß√µes,h√° 1 m√™s,Be!Tech
"üîã 7000mAh, üì∑ 64MP e 128GB por R$1799? // SAMSUNG GALAXY M51 vale REALMENTE a pena?",https://www.youtube.com/watch?v=pP3CNnTnF1Q,209 mil visualiza√ß√µes,h√° 5 meses,EscolhaSegura
"CHEGOU! Galaxy M51, um SAMSUNG com BATERIA pra ningu√©m botar DEFEITO! Unboxing e Impress√µes",https://www.youtube.com/watch?v=L0BEtx34X30,452 mil visualiza√ß√µes,h√° 6 meses,Gesiel Taveira
Galaxy M51 √© bom? Vale a Pena? An√°lise/Review/Coment√°rios,https://www.youtube.com/watch?v=p0vowhNDGSg,"6,3 mil visualiza√ß√µes",h√° 6 meses,Canal √â Bom?
BRUTO! 7.000mah de BATERIA! GALAXY M51 v√™m com TUDO! SAMSUNG acertou em CHEIO! UNBOXING!,https://www.youtube.com/watch?v=klPE2C5zU5g,175 mil visualiza√ß√µes,h√° 7 meses,Be!Tech
Meu smartphone GALAXY M51‚ùóÔ∏èMAIOR BATERIA J√Å FEITA da Samsung‚ùóÔ∏è7000mAh! T√Å DOIDO!üîã,https://www.youtube.com/watch?v=9Ce1r-NZ4F0,129 mil visualiza√ß√µes,h√° 7 meses,Dudu Rocha
"SAMSUNG GALAXY M51 | Com 7000 mAh, Essa BATERIA √© IGNORANTE! Unboxing e Impress√µes",https://www.youtube.com/watch?v=ZtcIhxlHqqs,75 mil visualiza√ß√µes,h√° 7 meses,brasiliGEEKS
Samsung Galaxy M51 - 7.000mah e Snapdragon 730G! Unboxing e Review Inicial Portugu√™s Brasil,https://www.youtube.com/watch?v=wD0qY5ADNZY,72 mil visualiza√ß√µes,h√° 8 meses,Authenti Tech
Galaxy M51 Vale a pena? Ele √© bom mesmo?,https://www.youtube.com/watch?v=zB9oRGZg7nc,34 mil visualiza√ß√µes,h√° 5 meses,Tt Tech
Galaxy M51: Por que voc√™ N√ÉO DEVE COMPRAR!,https://www.youtube.com/watch?v=8POpWm3AEI0,91 mil visualiza√ß√µes,h√° 5 meses,Tt Tech
Samsung GALAXY M51 e seus 7000mAh de BATERIA üò±,https://www.youtube.com/watch?v=RfoB6mYABqA,400 mil visualiza√ß√µes,h√° 9 meses,K Tech
SAMSUNG GALAXY M51 - PR√ìS E CONTRAS - O QUE VEM E N√ÉO VEM E D√öVIDAS,https://www.youtube.com/watch?v=avB7Zkd33Fw,43 mil visualiza√ß√µes,h√° 7 meses,Linuxbrs
GALAXY M51: O PODEROSO DE 7000 mAh de BATERIA - Vale a pena comprar?,https://www.youtube.com/watch?v=WiefN6yvTr8,11 mil visualiza√ß√µes,h√° 4 meses,Oficina da Net
"Galaxy M51, a SAMSUNG realmente lan√ßou um MONSTRO! Maior BATERIA em um SMARTPHONE",https://www.youtube.com/watch?v=_E20px4ibD4,199 mil visualiza√ß√µes,h√° 10 meses,Gesiel Taveira
N√£o compre o Galaxy M51 sem ver esse v√≠deo! Review/An√°lise!,https://www.youtube.com/watch?v=7p7C8FQuRQo,21 mil visualiza√ß√µes,h√° 7 meses,Compras Importadas
VALE A PENA EM 2021 O SAMSUNG GALAXY M51 ???,https://www.youtube.com/watch?v=_F4ZIwXsRm8,10 mil visualiza√ß√µes,h√° 1 m√™s,Linuxbrs
"GALAXY NOTE 10 LITE, pague MAIS e leve MENOS [An√°lise/Review]",https://www.youtube.com/watch?v=tR6BBimHbe8,233 mil visualiza√ß√µes,h√° 1 ano,Canaltech
GALAXY NOTE 10 LITE √© um NOTE 9 NO CORA√á√ÉO e A10 NA PELE | An√°lise / Review,https://www.youtube.com/watch?v=OCLTooLITNw,53 mil visualiza√ß√µes,h√° 1 ano,TudoCelular
BOA!! GALAXY NOTE 10 LITE √© melhor DO QUE EU ESPERAVA!! Mas tem um problema...,https://www.youtube.com/watch?v=ONwhl3vIsxg,447 mil visualiza√ß√µes,h√° 1 ano,EscolhaSegura
GALAXY NOTE 10 LITE passou a valer a pena?? | Review 3 MESES DEPOIS!,https://www.youtube.com/watch?v=kUePm9nHo2A,176 mil visualiza√ß√µes,h√° 1 ano,EscolhaSegura
"GALAXY NOTE 10 LITE, FAZ SENTIDO COMPRAR? [Hands-On]",https://www.youtube.com/watch?v=jSv8fxe3_KU,307 mil visualiza√ß√µes,h√° 1 ano,Canaltech
Galaxy Note 10 Lite | Tudo que VOC√ä PRECISA SABER!,https://www.youtube.com/watch?v=tL2FxGYNah8,47 mil visualiza√ß√µes,h√° 11 meses,Tt Tech
GALAXY NOTE 10 LITE: Pontos POSITIVOS e NEGATIVOS do APARELHO,https://www.youtube.com/watch?v=gwtQ64cQDa0,"4,5 mil visualiza√ß√µes",h√° 4 meses,Zaq Tutoriais
REVIEW: GALAXY NOTE 10 LITE - Vale a pena comprar?,https://www.youtube.com/watch?v=41AUt6jSNkQ,11 mil visualiza√ß√µes,h√° 8 meses,Zaq Tutoriais
CHEGOU! Galaxy NOTE 10 LITE! Seria ele uma boa op√ß√£o mesmo? Comprei por menos de R$2.000! üòçUnboxing!,https://www.youtube.com/watch?v=0bpOnYeaLE0,148 mil visualiza√ß√µes,h√° 9 meses,Jersu
Hands on Galaxy Note 10 Lite e S10 Lite na CES 2020 ‚Äì Tecmundo,https://www.youtube.com/watch?v=oVwMUnkRUH0,35 mil visualiza√ß√µes,h√° 1 ano,TecMundo
"GALAXY A71 vs NOTE 10 LITE: INTERMEDI√ÅRIO PREMIUM enfrenta ""TOP DE LINHA"" com S PEN | Comparativo",https://www.youtube.com/watch?v=oUD2D8w1TIw,147 mil visualiza√ß√µes,h√° 1 ano,TudoCelular
Galaxy Note 10 Lite √© bom? Unboxing e Principais Caracter√≠sticas!,https://www.youtube.com/watch?v=w6gUVhJNSp8,"6,7 mil visualiza√ß√µes",h√° 1 ano,Tt Tech
GALAXY S10 LITE E NOTE10 LITE - AN√ÅLISE DOS PRE√áOS NO BRASIL!,https://www.youtube.com/watch?v=_AhAwcfgKxw,44 mil visualiza√ß√µes,h√° 1 ano,Loop Infinito
An√°lise R√°pida Galaxy Note 10 Lite,https://www.youtube.com/watch?v=p7YKdeAYrC4,"2,2 mil visualiza√ß√µes",h√° 7 meses,Easy Technology
"GALAXY NOTE 10 LITE | Agora que o PRE√áO DESPENCOU, VALE A PENA!",https://www.youtube.com/watch?v=oCUG1tGwhO0,99 mil visualiza√ß√µes,h√° 1 ano,brasiliGEEKS
GALAXY NOTE 10 LITE | Pra quem QUER um GALAXY NOTE BARATO... AN√ÅLISE / REVIEW,https://www.youtube.com/watch?v=2QnP36P3gs4,28 mil visualiza√ß√µes,h√° 1 ano,brasiliGEEKS
GALAXY NOTE 10 LITE AN√ÅLISE DA BATERIA,https://www.youtube.com/watch?v=3KOBdbQPzV4,"2,8 mil visualiza√ß√µes",h√° 7 meses,SOU DIGITAL
GALAXY NOTE 10 Lite: 10 MOTIVOS para COMPRAR um!,https://www.youtube.com/watch?v=THc87IFT0nM,6 mil visualiza√ß√µes,h√° 7 meses,Zaq Tutoriais
"SAMSUNG GALAXY NOTE 10 ""LITE""! O Note diferente que voc√™ n√£o viu!",https://www.youtube.com/watch?v=hOs-QIyG9R0,30 mil visualiza√ß√µes,h√° 1 ano,Dudu Rocha
GALAXY NOTE 10 LITE- TESTE DE C√ÇMERAS EM CENAS ESCURAS,https://www.youtube.com/watch?v=DgFsZgWdSG8,837 visualiza√ß√µes,h√° 7 meses,SOU DIGITAL
XIAOMI MI 10 LITE: MELHOR INTERMEDI√ÅRIO 5G em CUSTO-BENEF√çCIO? | An√°lise / Review,https://www.youtube.com/watch?v=sHyLBVhOUN8,37 mil visualiza√ß√µes,h√° 8 meses,TudoCelular
"Mi 10 Lite 5G: ""lite"" √© apenas for√ßa de express√£o [UNBOXING/HANDS-ON]",https://www.youtube.com/watch?v=vRuOOM8S3co,69 mil visualiza√ß√µes,h√° 10 meses,Canaltech
MELHOR e MAIS BARATO intermedi√°rio PREMIUM ! XIAOMI MI 10 LITE 5G AN√ÅLISE [ Review ] COMPLETA !,https://www.youtube.com/watch?v=jZczt1PbTQ4,115 mil visualiza√ß√µes,h√° 10 meses,K Tech
Finalmente! XIAOMI MI 10 LITE 5G a EVOLU√á√ÉO PERFEITA üòç,https://www.youtube.com/watch?v=6IcND0WJFEg,236 mil visualiza√ß√µes,h√° 1 ano,K Tech
"CHEGOU! Xiaomi Mi 10 Lite 5G, realmente INCR√çVEL? Unboxing e Impress√µes",https://www.youtube.com/watch?v=AIPNojToH_M,142 mil visualiza√ß√µes,h√° 10 meses,Gesiel Taveira
XIAOMI MI 10 LITE // esse √© o PRIMEIRO XIAOMI que eu N√ÉO RECOMENDO!,https://www.youtube.com/watch?v=lkqFKf5j_Fc,234 mil visualiza√ß√µes,h√° 10 meses,EscolhaSegura
Mi 10 Lite - O intermedi√°rio da XIAOMI MAIS BARATO com tecnologia 5G? Vale a pena? AN√ÅLISE,https://www.youtube.com/watch?v=ERGLr-0gpqc,44 mil visualiza√ß√µes,h√° 10 meses,Gabriel de Pinho
Qual o MELHOR ?? Xiaomi Mi 10 Lite 5G vs Mi Note 10 Lite,https://www.youtube.com/watch?v=8Dp-oE8NPbA,66 mil visualiza√ß√µes,h√° 11 meses,Tiago Ramos
"Xiaomi Mi 10T Lite, muito mais do que parece [An√°lise/Review]",https://www.youtube.com/watch?v=CKDLYTATKv8,103 mil visualiza√ß√µes,h√° 5 meses,Canaltech
VALE A PENA COMPRAR O MI 10 LITE 5G? / OPINI√ÉO DO USU√ÅRIO!,https://www.youtube.com/watch?v=LxYuJsjwTmo,"4,5 mil visualiza√ß√µes",h√° 8 meses,Andr√© Felipe
Mi 10 MAIS BARATOüí≤ Xiaomi Mi 10 Lite 5Güî•,https://www.youtube.com/watch?v=WExKQvcFWNc,55 mil visualiza√ß√µes,h√° 1 ano,Tiago Ramos
XIAOMI MI 10 5G // An√°lise & Review Completo!!,https://www.youtube.com/watch?v=-Z6WFOdO5Do,100 mil visualiza√ß√µes,h√° 11 meses,EscolhaSegura
Mi 10 T lite 5G | An√°lise ao DESEMPENHO üî•üßØ,https://www.youtube.com/watch?v=m-3VxOd6Los,157 visualiza√ß√µes,h√° 3 meses,SiER
Mi 10 5G: a vers√£o sem gra√ßa do principal modelo da Xiaomi de 2020 [An√°lise/Review],https://www.youtube.com/watch?v=aKHKOSX7AgA,155 mil visualiza√ß√µes,h√° 11 meses,Canaltech
Xiaomi Mi10 Lite 5g - Excelentes C√¢meras por um Pre√ßo Justo!,https://www.youtube.com/watch?v=eWO-fulAVFY,11 mil visualiza√ß√µes,h√° 11 meses,Authenti Tech
"Xiaomi Mi 10 Lite, o 5G mais BARATO do MUNDO! Mas n√£o espere muito dele n√£o!",https://www.youtube.com/watch?v=4ypi6fOj0tU,131 mil visualiza√ß√µes,h√° 1 ano,Gesiel Taveira
An√°lise - MI 10 LITE 5g USO REAL - Agora por s√≥ R$1600(China)! Vale a pena? 5g baratinho?!,https://www.youtube.com/watch?v=1JO0MMHgeNg,295 visualiza√ß√µes,h√° 7 meses,JJTV Jos√© Junior Tech
XIAOMI Mi 10T Lite 5G - ME APAIXONEI ‚ù§Ô∏è,https://www.youtube.com/watch?v=tbf7M86iZd4,177 mil visualiza√ß√µes,h√° 8 meses,K Tech
AGORA VAI?! XIAOMI MI NOTE 10 LITE // an√°lise completa!,https://www.youtube.com/watch?v=TEEMI3H8VBw,155 mil visualiza√ß√µes,h√° 1 ano,EscolhaSegura
MI 10T LITE: apenas o X3 com 5G ou um POCO MELHOR? | An√°lise / Review,https://www.youtube.com/watch?v=ECn-81YpeOw,17 mil visualiza√ß√µes,h√° 4 meses,TudoCelular
"LG VELVET: ATRAI pela APAR√äNCIA, CONQUISTA pelo CONJUNTO | An√°lise / Review",https://www.youtube.com/watch?v=7lbwLmGhTug,39 mil visualiza√ß√µes,h√° 9 meses,TudoCelular
LG VELVET √© um SMARTPHONE que vale a pena? // An√°lise!,https://www.youtube.com/watch?v=RZQBD4q-le0,51 mil visualiza√ß√µes,h√° 9 meses,EscolhaSegura
LG Velvet REVIEW: qual o PRE√áO da ELEG√ÇNCIA?,https://www.youtube.com/watch?v=xYjwWbo7pNE,31 mil visualiza√ß√µes,h√° 7 meses,TecMundo
"LG Velvet, um ACERTO de ALTO n√≠vel? [Unboxing/Hands-on]",https://www.youtube.com/watch?v=remCWJl6BLg,249 mil visualiza√ß√µes,h√° 9 meses,Canaltech
LG Velvet √© BOM MESMO? O maior acerto da LG em 2020? Alguns Dias de Uso,https://www.youtube.com/watch?v=qQmNUmdTATo,142 mil visualiza√ß√µes,h√° 7 meses,Gesiel Taveira
LG Velvet | VALE A PENA por ESTE PRE√áO? An√°lise / Review,https://www.youtube.com/watch?v=eK4cy-TNU6c,29 mil visualiza√ß√µes,h√° 8 meses,brasiliGEEKS
O LINDISSIMO LG VELVET! (REVIEW/AN√ÅLISE DEFINITIVA),https://www.youtube.com/watch?v=0BG6xQACdW4,29 mil visualiza√ß√µes,h√° 9 meses,Tech Nerd
LG Velvet - Review Tecnoblog,https://www.youtube.com/watch?v=ErcSqQh38ao,13 mil visualiza√ß√µes,h√° 9 meses,Tecnoblog
LINDO DEMAIS! LG VELVET - O MELHOR da LG em 2020 - REVIEW/AN√ÅLISE,https://www.youtube.com/watch?v=kFyTc7e9MPI,"5,2 mil visualiza√ß√µes",h√° 8 meses,Oficina da Net
LG Velvet: 5 coisas que impressionam nesse celular lind√£o!,https://www.youtube.com/watch?v=HXihqemYgLA,39 mil visualiza√ß√µes,h√° 8 meses,TecMundo
LG VELVET 5G t√° na M√ÉO e QUE C√ÇMERA TOOOOP üì∏,https://www.youtube.com/watch?v=z7rKZPLLUUQ,199 mil visualiza√ß√µes,h√° 10 meses,K Tech
Este smartphone √© lindo! LG Velvet | An√°lise,https://www.youtube.com/watch?v=tKLfWx1NWkY,5 mil visualiza√ß√µes,h√° 6 meses,Luis Pinto
LG VELVET: as FUN√á√ïES LEGAIS pra quem j√° viu hands on! - EuTestei,https://www.youtube.com/watch?v=1RtVrQ3Cl1w,32 mil visualiza√ß√µes,h√° 9 meses,EuTestei
Tudo sobre o novo LG Velvet! Intermedi√°rio com pre√ßo de premium - TecMundo,https://www.youtube.com/watch?v=KIjSVhmpDDQ,104 mil visualiza√ß√µes,h√° 1 ano,TecMundo
"LG Velvet: bonito √©, mas e o resto? [An√°lise / Review]",https://www.youtube.com/watch?v=hG2HGpDjxYM,"1,7 mil visualiza√ß√µes",h√° 8 meses,Isto est√° ligado? /// Rui Tukayana
LG Velvet - An√°lise,https://www.youtube.com/watch?v=JNYNVifxH-Y,645 visualiza√ß√µes,h√° 7 meses,iSearch Nuno Nunes
LG VELVET vs GALAXY A71: DETALHES dizem o que √© um BOM CELULAR intermedi√°rio | Comparativo,https://www.youtube.com/watch?v=o2ajqKnV5-k,44 mil visualiza√ß√µes,h√° 8 meses,TudoCelular
LG VELVET: a BELEZA de um CELULAR BEM FEITO | An√°lise/Review - SmartClub,https://www.youtube.com/watch?v=yssgz9rNV_0,"2,4 mil visualiza√ß√µes",h√° 7 meses,SmartClub
LG VELVET √â TOP PARA JOGOS! SNAPDRAGON 845! - RODA LISO,https://www.youtube.com/watch?v=cCif7hAQmRA,29 mil visualiza√ß√µes,h√° 9 meses,Oficina da Net
SMARTPHONE LG VELVET - AINDA VALE A PENA em 2021?,https://www.youtube.com/watch?v=XFbOFiK5J00,2 mil visualiza√ß√µes,h√° 1 m√™s,Brilhante Nerd
iPhone SE 2020: dessa vez a Apple acertou? [An√°lise/Review],https://www.youtube.com/watch?v=Mov8OlCwK4E,488 mil visualiza√ß√µes,h√° 1 ano,Canaltech
NOVO iPhone SE 2020: impressionado ou decepcionado? | An√°lise / Review Completo!,https://www.youtube.com/watch?v=jc1xyd19kCA,106 mil visualiza√ß√µes,h√° 1 ano,EscolhaSegura
iPHONE SE (2020) vale a pena? AN√ÅLISE FINAL!!,https://www.youtube.com/watch?v=RMSxGd9VMoQ,354 mil visualiza√ß√µes,h√° 10 meses,Matheus Kise
IPHONE SE: MATADOR de INTERMEDI√ÅRIOS ANDROID boicotado pelo PRE√áO BRASIL | An√°lise / Review,https://www.youtube.com/watch?v=9LhYFm_Hz7A,54 mil visualiza√ß√µes,h√° 1 ano,TudoCelular
"iPhone SE: o novo aparelho de ""baixo custo"" da Apple [An√°lise]",https://www.youtube.com/watch?v=1YB8cj2eNWw,"1,6 mi de visualiza√ß√µes",h√° 5 anos,Canaltech
Apple iPhone SE [Review] - TecMundo,https://www.youtube.com/watch?v=al5r88qwApI,575 mil visualiza√ß√µes,h√° 5 anos,TecMundo
Esse APPLE n√£o √â PARA TODOS ! iPhone SE 2020 AN√ÅLISE [ Review ] COMPLETA !,https://www.youtube.com/watch?v=n7baDhFb18g,132 mil visualiza√ß√µes,h√° 1 ano,K Tech
iPhone SE 2020 - Ainda Vale a Pena em 2021?,https://www.youtube.com/watch?v=vlDQJZu-ljQ,95 mil visualiza√ß√µes,h√° 6 meses,Em An√°lise
CHEGOU! iPhone SE 2020 t√° em m√£os! Minhas PRIMEIRAS IMPRESS√ïES! Vale a pena?,https://www.youtube.com/watch?v=0LDrhsqMSjM,349 mil visualiza√ß√µes,h√° 1 ano,EscolhaSegura
"IPHONE SE 2020 | Afinal, VALE A PENA apostar no COMPACTO e PODEROSO da APPLE? An√°lise / Review",https://www.youtube.com/watch?v=KNV2R8unULk,16 mil visualiza√ß√µes,h√° 8 meses,brasiliGEEKS
"iPhone SE 2: o ""acess√≠vel"" da Apple √© bom? [Unboxing/Hands-on]",https://www.youtube.com/watch?v=LVPVOxoBdSQ,514 mil visualiza√ß√µes,h√° 1 ano,Canaltech
iPhone SE 2020: 5 motivos para COMPRAR e N√ÉO comprar,https://www.youtube.com/watch?v=V2up_KqN1zw,167 mil visualiza√ß√µes,h√° 10 meses,Canaltech
iPhone SE - Ser√° que a Bateria t√° durando? O iOS √© de F√°cil Adapta√ß√£o?,https://www.youtube.com/watch?v=rdfIwrn2ltQ,27 mil visualiza√ß√µes,h√° 7 meses,Em An√°lise
An√°lise: iPhone SE | Review do Tudocelular.com,https://www.youtube.com/watch?v=nB1u7Ivc12w,152 mil visualiza√ß√µes,h√° 5 anos,TudoCelular
N√£o compre o iPhone SE 2020 sem ver esse v√≠deo! Review/An√°lise!,https://www.youtube.com/watch?v=H5gUOXTh7xA,"7,3 mil visualiza√ß√µes",h√° 5 meses,Compras Importadas
üü† iPhone SE (2020) √© bom mesmo? Vale a pena em 2021? (An√°lise),https://www.youtube.com/watch?v=qcueaci55rs,"4,2 mil visualiza√ß√µes",h√° 3 meses,Clube Dos Gadgets
iPHONE SE 2016!! VALE A PENA COMPRAR NO FINAL DE 2020? AN√ÅLISE!,https://www.youtube.com/watch?v=m6GOCUpEFsQ,13 mil visualiza√ß√µes,h√° 8 meses,EDITECH
iPhone SE (2020) vale a pena em 2021? √â bom? An√°lise/Review/Ficha T√©cnica (iPhone SE 2),https://www.youtube.com/watch?v=ls-Cck2nsPM,331 visualiza√ß√µes,h√° 4 dias,Canal √â Bom?
Comprei o iPhone SE 2020 - Ser√° que veio SEM CARREGADOR e FONE?,https://www.youtube.com/watch?v=5BJStp06l78,28 mil visualiza√ß√µes,h√° 8 meses,Em An√°lise
AN√ÅLISE IPHONE SE 2020 | VALE A PENA?,https://www.youtube.com/watch?v=VoWsOu1X6Jk,"2,4 mil visualiza√ß√µes",h√° 1 ano,Hugo Medeiros
Galaxy Note 10+ (o melhor Samsung de 2019) [An√°lise/Review],https://www.youtube.com/watch?v=SxUJmZXlE-o,385 mil visualiza√ß√µes,h√° 1 ano,Canaltech
GALAXY NOTE 10+ vale a pena? | An√°lise / Review,https://www.youtube.com/watch?v=npCMuKdtDKI,273 mil visualiza√ß√µes,h√° 1 ano,EscolhaSegura
GALAXY NOTE 10: TOP de linha COM S PEN que CABE NO BOLSO (literalmente) | AN√ÅLISE / REVIEW,https://www.youtube.com/watch?v=s7O59W3Zr_k,351 mil visualiza√ß√µes,h√° 1 ano,TudoCelular
Review: Os Problemas do Galaxy Note 10!,https://www.youtube.com/watch?v=p6ufSWa1GuM,35 mil visualiza√ß√µes,h√° 1 ano,Fazendo Nerdice
GALAXY NOTE 10: ainda mais poderoso [Hands-On],https://www.youtube.com/watch?v=INTqBVNe0Ic,407 mil visualiza√ß√µes,h√° 1 ano,Canaltech
GALAXY NOTE 10: Uma nova FASE da SAMSUNG,https://www.youtube.com/watch?v=_139rn5-Phw,178 mil visualiza√ß√µes,h√° 1 ano,EscolhaSegura
Review Galaxy Note 10+: o melhor smartphone da Samsung vale o pre√ßo? ‚Äì TecMundo,https://www.youtube.com/watch?v=N9rnjyonpng,185 mil visualiza√ß√µes,h√° 1 ano,TecMundo
GALAXY NOTE 10 VALE A PENA em 2021? An√°lise FINAL ‚ö†Ô∏è,https://www.youtube.com/watch?v=8VM52fqDYtg,"2,2 mil visualiza√ß√µes",h√° 2 meses,VilaTec
GALAXY NOTE 10+ de 1TB AN√ÅLISE [ Review ] COMPLETA !,https://www.youtube.com/watch?v=SuQD60SbCHI,101 mil visualiza√ß√µes,h√° 1 ano,K Tech
Samsung Galaxy Note 10+ | Review Tecnoblog,https://www.youtube.com/watch?v=ZRx4mTDMmzA,158 mil visualiza√ß√µes,h√° 1 ano,Tecnoblog
GALAXY NOTE 10 e GALAXY NOTE 10 PLUS!,https://www.youtube.com/watch?v=vOVz5rPk2vU,"2,1 mi de visualiza√ß√µes",h√° 1 ano,Coisa de Nerd
SAMSUNG GALAXY NOTE 10 PLUS (review) A REAL!!,https://www.youtube.com/watch?v=Jl5x6H15zAg,343 mil visualiza√ß√µes,h√° 1 ano,Dudu Rocha
"GALAXY NOTE 10+ | 1 Ano depois, VALE A PENA?",https://www.youtube.com/watch?v=iVK9U-aiXTE,93 mil visualiza√ß√µes,h√° 8 meses,brasiliGEEKS
GALAXY NOTE 10 PLUS: MELHOR celular SAMSUNG de 2019... para comprar em 2020 | An√°lise / Review,https://www.youtube.com/watch?v=bY5RzhrwmFQ,71 mil visualiza√ß√µes,h√° 1 ano,TudoCelular
Galaxy Note 10 Plus: a melhor compra de 2020? An√°lise/Review,https://www.youtube.com/watch?v=WuQcQLJbo2o,36 mil visualiza√ß√µes,h√° 1 ano,Tt Tech
√â ASSIM O SAMSUNG GALAXY NOTE 10! SAMSUNG ERROU MESMO?,https://www.youtube.com/watch?v=flYuZ1KBaKM,128 mil visualiza√ß√µes,h√° 1 ano,Dudu Rocha
GALAXY NOTE 10+ | O SMARTPHONE (QUASE) PERFEITO | AN√ÅLISE / REVIEW,https://www.youtube.com/watch?v=ID7tJ2CUfHg,25 mil visualiza√ß√µes,h√° 1 ano,brasiliGEEKS
"GALAXY NOTE 10 LITE, pague MAIS e leve MENOS [An√°lise/Review]",https://www.youtube.com/watch?v=tR6BBimHbe8,233 mil visualiza√ß√µes,h√° 1 ano,Canaltech
GALAXY NOTE 10 REVIEW BRASIL,https://www.youtube.com/watch?v=Q3wPQGRO0Ag,"8,4 mil visualiza√ß√µes",h√° 1 ano,Louco por Smartphones
Samsung Galaxy Note 10 e 10+: primeiras impress√µes dos smartphones grand√µes - TecMundo,https://www.youtube.com/watch?v=lRLsmuAYs3Y,127 mil visualiza√ß√µes,h√° 1 ano,TecMundo
Samsung Galaxy S20 REVIEW: √≥timo custo-benef√≠cio a longo prazo ‚Äì TecMundo,https://www.youtube.com/watch?v=vv64fA7bf7Y,239 mil visualiza√ß√µes,h√° 9 meses,TecMundo
"GALAXY S20: mais ""BARATO"", mas n√£o PIOR | An√°lise / Review",https://www.youtube.com/watch?v=tO7miBhfw5E,220 mil visualiza√ß√µes,h√° 1 ano,TudoCelular
SAMSUNG GALAXY S20 [Opini√£o Sincera],https://www.youtube.com/watch?v=VxD0GpJ4SlI,119 mil visualiza√ß√µes,h√° 7 meses,Rodrigo Moreira
O MIST√âRIO do GALAXY S20 FE com SNAPDRAGON 865! Me AJUDE a RESOLVER! Como PODE algo ASSIM?,https://www.youtube.com/watch?v=KOitq-ctZCk,49 mil visualiza√ß√µes,h√° 1 m√™s,Be!Tech
Galaxy S20 FE Snapdragon: Valeu a pena ter comprado? An√°lise FINAL!,https://www.youtube.com/watch?v=A1KyfidKjz8,34 mil visualiza√ß√µes,h√° 2 semanas,Tt Tech
"Samsung Galaxy S20+, o equilibrado da linha S [An√°lise/Review]",https://www.youtube.com/watch?v=QA5bnli1-jg,408 mil visualiza√ß√µes,h√° 1 ano,Canaltech
Galaxy S20 Review: O QUASE PERFEITO DA SAMSUNG!,https://www.youtube.com/watch?v=edn5ggPP6PU,37 mil visualiza√ß√µes,h√° 10 meses,Tt Tech
4 meses com o Galaxy S20: Sucesso ou decep√ß√£o? (Review e opini√£o),https://www.youtube.com/watch?v=AIK3P1jZ4T4,179 mil visualiza√ß√µes,h√° 11 meses,Rodrigo Vieira - RSSV
SAMSUNG GALAXY S20 - Vale a Pena? An√°lise / Review,https://www.youtube.com/watch?v=jaDWU57_2Ko,13 mil visualiza√ß√µes,h√° 1 ano,horatech
Galaxy S20 Plus - N√£o Fica Devendo Em Nada Perante Ao Ultra! An√°lise Definitiva,https://www.youtube.com/watch?v=1mV6ADSUQ3c,686 visualiza√ß√µes,h√° 1 m√™s,O Cibern√©tico
Samsung Galaxy S20 FE SNAPDRAGON 865 Brasil! Unboxing/Analise Completa 2021!,https://www.youtube.com/watch?v=dZbzIJvus_s,"1,5 mil visualiza√ß√µes",h√° 1 m√™s,Nathan Technologies
SAMSUNG GALAXY S20 PLUS vale a pena? | An√°lise / Review Completo,https://www.youtube.com/watch?v=28ZkdMKJ71Q,261 mil visualiza√ß√µes,h√° 1 ano,EscolhaSegura
Galaxy S20: TUDO que sabemos sobre o aparelho at√© agora,https://www.youtube.com/watch?v=TrMDB34L6Oo,111 mil visualiza√ß√µes,h√° 1 ano,Canaltech
SAMSUNG GALAXY S20 FE COM SNAPDRAGON 865 - MELHOR CUSTO X BENEF√çCIO UNBOXING E PRIMEIRAS IMPRESS√ïES,https://www.youtube.com/watch?v=nHZebOiOfAU,"8,4 mil visualiza√ß√µes",h√° 1 m√™s,Linuxbrs
Samsung GALAXY S20 FE SNAPDRAGON! O que NINGUEM TE Falou! Fica esperto!,https://www.youtube.com/watch?v=SBxScx1mde8,92 mil visualiza√ß√µes,h√° 1 m√™s,Dudu Rocha
INCR√çVEL!! GALAXY S20 e S20 ULTRA! | o que a SAMSUNG n√£o te CONTOU!,https://www.youtube.com/watch?v=Dcc8-L5XGQ4,243 mil visualiza√ß√µes,h√° 1 ano,EscolhaSegura
GALAXY S20 | VALE A PENA COMPRAR em 2021?,https://www.youtube.com/watch?v=1QgY5kIaIA8,41 mil visualiza√ß√µes,h√° 2 meses,brasiliGEEKS
GALAXY S20 √© bom? | ANALISE Samsung Galaxy S20,https://www.youtube.com/watch?v=6c9Dzw3mY8Y,"8,3 mil visualiza√ß√µes",h√° 1 ano,Roberto Karlos
Samsung Galaxy S20 FE: um √≥timo celular (que n√£o tem nada a ver com o do BTS),https://www.youtube.com/watch?v=aIZsTIurSqU,45 mil visualiza√ß√µes,h√° 5 meses,TecMundo
Samsung S20 FE SNP 865 - O Melhor Custo-Benef√≠cio? Opini√£o Definitiva!,https://www.youtube.com/watch?v=9qtzYUYFmNw,"1,8 mil visualiza√ß√µes",h√° 1 semana,Em An√°lise
"Samsung Galaxy S20 FE, ERROU ou ACERTOU com os f√£s da marca? [An√°lise/Review]",https://www.youtube.com/watch?v=R8NE3_EiiSE,188 mil visualiza√ß√µes,h√° 5 meses,Canaltech
"GALAXY S20 FE: TOP ""BARATO"" Samsung TEM QUASE TUDO que os f√£s procuram | An√°lise / Review",https://www.youtube.com/watch?v=JLESC_njEyo,142 mil visualiza√ß√µes,h√° 7 meses,TudoCelular
Samsung Galaxy S20 FE: um √≥timo celular (que n√£o tem nada a ver com o do BTS),https://www.youtube.com/watch?v=aIZsTIurSqU,45 mil visualiza√ß√µes,h√° 5 meses,TecMundo
GALAXY S20 FE √© o MELHOR de toda a linha S20! AN√ÅLISE FINAL!,https://www.youtube.com/watch?v=1n4NgeFHDWA,75 mil visualiza√ß√µes,h√° 5 meses,Matheus Kise
GALAXY S20 FE | Muito PODER e ESTILO PAGANDO MENOS! An√°lise / Review,https://www.youtube.com/watch?v=Ca7Wlf7KbsU,21 mil visualiza√ß√µes,h√° 6 meses,brasiliGEEKS
Galaxy S20 FE Snapdragon: Valeu a pena ter comprado? An√°lise FINAL!,https://www.youtube.com/watch?v=A1KyfidKjz8,34 mil visualiza√ß√µes,h√° 2 semanas,Tt Tech
‚ù§Ô∏è esse CELULAR SAMSUNG tem tudo pra DAR BOM! // GALAXY S20 FE unboxing,https://www.youtube.com/watch?v=bWuRFN100uw,99 mil visualiza√ß√µes,h√° 7 meses,EscolhaSegura
"NOVO GALAXY S20 FE: os f√£s pediram, a Samsung atendeu",https://www.youtube.com/watch?v=0_dCkDdlSkE,95 mil visualiza√ß√µes,h√° 6 meses,Canaltech
Samsung Galaxy S20 FE - Review Tecnoblog,https://www.youtube.com/watch?v=EK_3QoxBcaY,26 mil visualiza√ß√µes,h√° 7 meses,Tecnoblog
"CHEGOU! Galaxy S20 FE, um SAMSUNG LINDO e POTENTE, mas n√£o √© PERFEITO! Unboxing e Impress√µes",https://www.youtube.com/watch?v=AdxPcBQqLck,430 mil visualiza√ß√µes,h√° 7 meses,Gesiel Taveira
Galaxy S20 FE √© bom? Vale a pena? An√°lise/Review Completa,https://www.youtube.com/watch?v=tateiJX7szc,"4,6 mil visualiza√ß√µes",h√° 7 meses,Canal √â Bom?
Samsung GALAXY S20 FE SNAPDRAGON! O que NINGUEM TE Falou! Fica esperto!,https://www.youtube.com/watch?v=SBxScx1mde8,92 mil visualiza√ß√µes,h√° 1 m√™s,Dudu Rocha
GALAXY S20 FE vs S20: qual deles o VERDADEIRO F√É deve comprar? | Comparativo,https://www.youtube.com/watch?v=HwfcKPqEWHQ,128 mil visualiza√ß√µes,h√° 7 meses,TudoCelular
CHEGOU! Samsung GALAXY S20 FE com SNAPDRAGON - Unboxing e Impress√µes,https://www.youtube.com/watch?v=5gonT7B5VnY,230 mil visualiza√ß√µes,h√° 1 m√™s,Gesiel Taveira
Samsung S20 FE SNP 865 - O Melhor Custo-Benef√≠cio? Opini√£o Definitiva!,https://www.youtube.com/watch?v=9qtzYUYFmNw,"1,8 mil visualiza√ß√µes",h√° 1 semana,Em An√°lise
Galaxy S20 FE! ADOREI o que a SAMSUNG fez AQUI! Que SMARTPHONE acertadinho! UNBOXING!,https://www.youtube.com/watch?v=jhoRCO4eF_M,67 mil visualiza√ß√µes,h√° 6 meses,Be!Tech
"Review do Galaxy S20 FE: Bom, Bonito e (O MAIS) Barato da Linha S20",https://www.youtube.com/watch?v=Up79MA5GWq4,13 mil visualiza√ß√µes,h√° 6 meses,Mundo Conectado
Samsung GALAXY S20 FE 5G [ SNAPDRAGON EDITION ] est√° um SHOW !,https://www.youtube.com/watch?v=z68-Fbg6geo,184 mil visualiza√ß√µes,h√° 9 meses,K Tech
O MIST√âRIO do GALAXY S20 FE com SNAPDRAGON 865! Me AJUDE a RESOLVER! Como PODE algo ASSIM?,https://www.youtube.com/watch?v=KOitq-ctZCk,49 mil visualiza√ß√µes,h√° 1 m√™s,Be!Tech
An√°lise/Review | Samsung Galaxy S20 FE - Top de linha BARATO e QUENTE (literalmente),https://www.youtube.com/watch?v=pZUnz0WQJBw,"5,9 mil visualiza√ß√µes",h√° 3 meses,Paulo Ivankio
"Xiaomi Mi 10T Lite, muito mais do que parece [An√°lise/Review]",https://www.youtube.com/watch?v=CKDLYTATKv8,103 mil visualiza√ß√µes,h√° 5 meses,Canaltech
XIAOMI MI 10T LITE vale REALMENTE a pena? // An√°lise,https://www.youtube.com/watch?v=pruEAio0MRA,38 mil visualiza√ß√µes,h√° 5 meses,EscolhaSegura
MI 10T LITE: apenas o X3 com 5G ou um POCO MELHOR? | An√°lise / Review,https://www.youtube.com/watch?v=ECn-81YpeOw,17 mil visualiza√ß√µes,h√° 4 meses,TudoCelular
"Mi 10T Lite | Se √© T√ÉO BOM, por que N√ÉO FEZ SUCESSO no Brasil? An√°lise / Review",https://www.youtube.com/watch?v=QionWD0pX3U,"5,2 mil visualiza√ß√µes",h√° 4 meses,brasiliGEEKS
XIAOMI Mi 10T Lite 5G - ME APAIXONEI ‚ù§Ô∏è,https://www.youtube.com/watch?v=tbf7M86iZd4,177 mil visualiza√ß√µes,h√° 8 meses,K Tech
XIAOMI MI 10 LITE: MELHOR INTERMEDI√ÅRIO 5G em CUSTO-BENEF√çCIO? | An√°lise / Review,https://www.youtube.com/watch?v=sHyLBVhOUN8,37 mil visualiza√ß√µes,h√° 8 meses,TudoCelular
XIAOMI MI 10 LITE // esse √© o PRIMEIRO XIAOMI que eu N√ÉO RECOMENDO!,https://www.youtube.com/watch?v=lkqFKf5j_Fc,234 mil visualiza√ß√µes,h√° 10 meses,EscolhaSegura
"CHEGOU! Xiaomi Mi 10T Lite, o INTERMEDI√ÅRIO PREMIUM com 5G! Unboxing e Impress√µes",https://www.youtube.com/watch?v=s1dvvUUQCGY,106 mil visualiza√ß√µes,h√° 5 meses,Gesiel Taveira
"CHEGOU! Xiaomi Mi 10 Lite 5G, realmente INCR√çVEL? Unboxing e Impress√µes",https://www.youtube.com/watch?v=AIPNojToH_M,142 mil visualiza√ß√µes,h√° 10 meses,Gesiel Taveira
A DECIS√ÉO DE COMPRAR √â VOSSA | AN√ÅLISE XIAOMI MI 10T LITE,https://www.youtube.com/watch?v=aepbyx9se-o,"2,4 mil visualiza√ß√µes",h√° 7 meses,Hugo Medeiros
Mi 10 T lite 5G | An√°lise ao DESEMPENHO üî•üßØ,https://www.youtube.com/watch?v=m-3VxOd6Los,157 visualiza√ß√µes,h√° 3 meses,SiER
Mi 10T Lite | uma EXCELENTE OP√á√ÉO da XIAOMI! unboxing e coment√°rios,https://www.youtube.com/watch?v=4v4jD1ueqGg,"5,5 mil visualiza√ß√µes",h√° 5 meses,Matheus Kise
O MONSTRINHO DA XIAOMI! Mi 10T Lite DEPOIS DELE S√ì TOP DE LINHA! #Unboxing,https://www.youtube.com/watch?v=G6A7SUo8oTc,42 mil visualiza√ß√µes,h√° 6 meses,TukEmperial
"O MATADOR DE GALAXY INTERMEDI√ÅRIO: Xiaomi Mi 10T LITE 5G! o mesmo custo, SUPER PROCESSADOR e C√ÇMERA!",https://www.youtube.com/watch?v=V7mm-6a-exs,43 mil visualiza√ß√µes,h√° 5 meses,Jersu
"Mi 10 Lite 5G: ""lite"" √© apenas for√ßa de express√£o [UNBOXING/HANDS-ON]",https://www.youtube.com/watch?v=vRuOOM8S3co,69 mil visualiza√ß√µes,h√° 10 meses,Canaltech
"Xiaomi Mi 10T e 10T Pro, valem a pena ou n√£o? [An√°lise/Review]",https://www.youtube.com/watch?v=mp_aDo-uH6I,127 mil visualiza√ß√µes,h√° 5 meses,Canaltech
Xiaomi Mi 10T Lite 5G | Vale a Pena em 2021?,https://www.youtube.com/watch?v=KsAtzIezTDE,"3,4 mil visualiza√ß√µes",h√° 5 meses,Carlos Correia
MELHOR e MAIS BARATO intermedi√°rio PREMIUM ! XIAOMI MI 10 LITE 5G AN√ÅLISE [ Review ] COMPLETA !,https://www.youtube.com/watch?v=jZczt1PbTQ4,115 mil visualiza√ß√µes,h√° 10 meses,K Tech
"Xiaomi Mi 10T Lite vs 10T vs 10T Pro, qual a diferen√ßa? [Comparativo]",https://www.youtube.com/watch?v=jEEFK_yX_D4,46 mil visualiza√ß√µes,h√° 5 meses,Canaltech
ESTAVA ENGANADO ... POCO X3 NFC ou XIAOMI MI 10T LITE 5G ?? COMPARATIVO EM PORTUGU√äS,https://www.youtube.com/watch?v=njP8-N1NE6I,51 mil visualiza√ß√µes,h√° 7 meses,Toni Vicente
"Motorola Edge+, o MELHOR SMARTPHONE de 2020 at√© agora [An√°lise/Review]",https://www.youtube.com/watch?v=RtUdGZlZeVA,262 mil visualiza√ß√µes,h√° 11 meses,Canaltech
MOTO EDGE e EDGE PLUS - o que ESTOU ACHANDO // finalmente um TOPO DE LINHA da MOTOROLA!,https://www.youtube.com/watch?v=H0hSd0XEx64,300 mil visualiza√ß√µes,h√° 1 ano,EscolhaSegura
MOTOROLA EDGE PLUS ! O MELHOR SMARTPHONE que a MOTO j√° FEZ! Um TOPO de LINHA de RESPEITO! REVIEW,https://www.youtube.com/watch?v=IRtfeKLBPME,37 mil visualiza√ß√µes,h√° 10 meses,Be!Tech
Review Motorola Edge+: o retorno triunfal da Moto aos celulares de ponta ‚Äì TecMundo,https://www.youtube.com/watch?v=MKzuhGG8Evs,36 mil visualiza√ß√µes,h√° 11 meses,TecMundo
Motorola Edge+ e Edge: os melhores da Moto em 2020 no Brasil! - Primeiras impress√µes Hands-on,https://www.youtube.com/watch?v=G0RkweTZo3Q,64 mil visualiza√ß√µes,h√° 1 ano,TecMundo
"Motorola EDGE+ | Extremamente PODEROSO, mas CARO DEMAIS! An√°lise/ Review",https://www.youtube.com/watch?v=Nj8Kp07Kcpo,"8,1 mil visualiza√ß√µes",h√° 11 meses,brasiliGEEKS
MOTOROLA EDGE PLUS mostra que CUSTA CARO voltar ao TOPO | An√°lise / Review,https://www.youtube.com/watch?v=wHLWf5xzwWQ,79 mil visualiza√ß√µes,h√° 11 meses,TudoCelular
MELHORES Motorola de 2020: Edge e Edge+,https://www.youtube.com/watch?v=pFmhq7PfTZs,364 mil visualiza√ß√µes,h√° 1 ano,Canaltech
MOTOROLA EDGE: PRIMEIRO CELULAR INTERMEDI√ÅRIO 5G do Brasil vale a pena? | An√°lise / Review,https://www.youtube.com/watch?v=nt6JoeMjwIA,55 mil visualiza√ß√µes,h√° 10 meses,TudoCelular
"CHEGOU! Motorola EDGE+ √© INCR√çVEL, LINDO e PODEROSO! S√≥ uma coisa desanima nele ;(",https://www.youtube.com/watch?v=3jmzPUMcvkU,677 mil visualiza√ß√µes,h√° 11 meses,Gesiel Taveira
Review Motorola Edge+: Vale a pena comprar o topo de linha?,https://www.youtube.com/watch?v=eTWrpsEYwPs,17 mil visualiza√ß√µes,h√° 11 meses,Oficina da Net
Tudo sobre o Motorola Edge | An√°lise Completa,https://www.youtube.com/watch?v=il3rm5Az-UI,"8,8 mil visualiza√ß√µes",h√° 9 meses,Zoom
Motorola Edge+ | Review Tecnoblog,https://www.youtube.com/watch?v=H9Ybue5yjyw,23 mil visualiza√ß√µes,h√° 11 meses,Tecnoblog
MOTOROLA EDGE+! O MELHOR MOTOROLA JA FEITO! Mas tem um ERRO GRAVE! Unboxing,https://www.youtube.com/watch?v=uwlW-aTc5j4,117 mil visualiza√ß√µes,h√° 1 ano,Dudu Rocha
Motorola Edge Plus Full Review in Bangla | ‡ßß‡ß¶‡ßÆ ‡¶Æ‡ßá‡¶ó‡¶æ ‡¶™‡¶ø‡¶ï‡ßç‡¶∏‡ßá‡¶≤ | 6K ‡¶≠‡¶ø‡¶°‡¶ø‡¶ì | Moto ‡¶ó‡ßá‡¶Æ ‡¶ü‡¶æ‡¶á‡¶Æ,https://www.youtube.com/watch?v=Q9ETC9cGaXw,"1,9 mil visualiza√ß√µes",h√° 2 meses,Jobayer Alam
Motorola Edge Plus Ainda Vale a Pena em 2021? | An√°lise e Opini√£o Sincera,https://www.youtube.com/watch?v=zOZKdc8ktoU,"3,3 mil visualiza√ß√µes",h√° 3 meses,CANAL CARIOCAS INFO
"Motorola Edge, vale a pena?",https://www.youtube.com/watch?v=gzs9_Qga9Ps,45 mil visualiza√ß√µes,h√° 7 meses,Tech ALL
MOTOROLA EDGE + ANDROID 11!! REVIEW: MELHOROU OU PIOROU?,https://www.youtube.com/watch?v=Yivru5WEyiE,"2,4 mil visualiza√ß√µes",h√° 2 meses,Mr. iTech
Motorola Edge+: 5 motivos para COMPRAR e N√ÉO comprar,https://www.youtube.com/watch?v=03OQm-ygWNg,82 mil visualiza√ß√µes,h√° 9 meses,Canaltech
"Motorola EDGE+ | 8 Meses Depois, EST√Å PERFEITO por ESSE PRE√áO!",https://www.youtube.com/watch?v=1CrcSPmuGkU,15 mil visualiza√ß√µes,h√° 3 meses,brasiliGEEKS
"IPhone 12: cara de iPhone 4, 5G e meio ambiente [An√°lise]",https://www.youtube.com/watch?v=pAlMOtJUH5I,333 mil visualiza√ß√µes,h√° 8 meses,Canaltech
IPHONE 12 oferece 5G do FUTURO com BATERIA do PASSADO | An√°lise / Review,https://www.youtube.com/watch?v=FN6mJINdJ7o,43 mil visualiza√ß√µes,h√° 7 meses,TudoCelular
iPhone 12 em m√£os!! Qual minha OPINI√ÉO SINCERA?? // Unboxing e Impress√µes!,https://www.youtube.com/watch?v=ZE3529_PFfs,98 mil visualiza√ß√µes,h√° 7 meses,EscolhaSegura
iPhone 12 - a APPLE fez um √≥timo trabalho nesse SMARTPHONE! Mas VALE A PENA? Alguns Dias de Uso,https://www.youtube.com/watch?v=_latHaWdBS0,181 mil visualiza√ß√µes,h√° 5 meses,Gesiel Taveira
iPhone 12 - Review Tecnoblog,https://www.youtube.com/watch?v=vjEdTiTqerQ,65 mil visualiza√ß√µes,h√° 7 meses,Tecnoblog
"IPhone 12 Pro, ACERTO ou ERRO da Apple? [An√°lise/Review]",https://www.youtube.com/watch?v=zSioYBDGtpU,161 mil visualiza√ß√µes,h√° 8 meses,Canaltech
"Apple iPhone 12: menor, mais bonito, mais caro e sem carregador! ‚Äì Hands-on e primeiras impress√µes",https://www.youtube.com/watch?v=D_xNvqYEcQg,41 mil visualiza√ß√µes,h√° 7 meses,TecMundo
"iPhone 12, O Melhor que j√° usei! [An√°lise/Review]",https://www.youtube.com/watch?v=w5-JH1nzlFY,"4,6 mil visualiza√ß√µes",h√° 5 meses,nezetech
iPHONE 12 t√° na m√£o! UNBOXING e COMENT√ÅRIOS! Vem conferir!!,https://www.youtube.com/watch?v=cN0ggIwgRRo,139 mil visualiza√ß√µes,h√° 8 meses,Matheus Kise
"iPhone 12 Pro Max, o MELHOR de 2020? [An√°lise/Review]",https://www.youtube.com/watch?v=khyeh8MwMNo,256 mil visualiza√ß√µes,h√° 7 meses,Canaltech
iPhone 12! Analise! O melhor custo benef√≠cio da linha 12.,https://www.youtube.com/watch?v=_JLJ1UzVbmo,"2,6 mil visualiza√ß√µes",h√° 6 meses,EDITECH
IPHONE 12: APPLE abra√ßa o FUTURO sem esquecer do PASSADO | Hands-on,https://www.youtube.com/watch?v=nCn0IycTD3g,31 mil visualiza√ß√µes,h√° 8 meses,TudoCelular
IPHONE 12 PRO: vale LiDAR com os PROS e CONTRAS? | An√°lise / Review,https://www.youtube.com/watch?v=2KH9bJGzOEY,32 mil visualiza√ß√µes,h√° 6 meses,TudoCelular
IPHONE 12 PRO MAX: MELHOR CELULAR de 2020 n√£o evoluiu no design | An√°lise / Review,https://www.youtube.com/watch?v=ojC2n9hbPzk,46 mil visualiza√ß√µes,h√° 6 meses,TudoCelular
IPHONE 12: HANDS ON!,https://www.youtube.com/watch?v=kEn-f2BN-Vw,181 mil visualiza√ß√µes,h√° 8 meses,Loop Infinito
"TUDO sobre os iPhone 12, Mini, Pro e Pro Max | O QUE MUDOU?",https://www.youtube.com/watch?v=q0h8ynH-9FM,793 mil visualiza√ß√µes,h√° 8 meses,Canaltech
"iPhone 12 PRO MAX, √â REALMENTE BOM? An√°lise de c√¢meras",https://www.youtube.com/watch?v=PXJhcq_j-K8,12 mil visualiza√ß√µes,h√° 3 meses,Casal REC
iPhone 12 PRO MAX // üí∏ TEM DE SER LOUCO pra gastar R$10.999?? CHOCADO!,https://www.youtube.com/watch?v=6GxDe6Pgoy4,95 mil visualiza√ß√µes,h√° 6 meses,EscolhaSegura
"IPHONE 12 MINI: MELHOR CELULAR TOP de linha que ""CABE no BOLSO"" | An√°lise / Review",https://www.youtube.com/watch?v=kaR26yDqjM0,66 mil visualiza√ß√µes,h√° 6 meses,TudoCelular
iPHONE 12 MINI simplesmente √© o meu FAVORITO da APPLE! AN√ÅLISE FINAL!!!,https://www.youtube.com/watch?v=FzczBKKSRzg,61 mil visualiza√ß√µes,h√° 5 meses,Matheus Kise
RoG Phone 3 REVIEW: o celular gamer OVERKILL da ASUS no Brasil,https://www.youtube.com/watch?v=VsNiKufvV7o,40 mil visualiza√ß√µes,h√° 8 meses,TecMundo
ASUS ROG PHONE 3 ainda √© o MELHOR CELULAR GAMER no Brasil | An√°lise / Review,https://www.youtube.com/watch?v=eAUL3_ufgh8,18 mil visualiza√ß√µes,h√° 3 meses,TudoCelular
ASUS ROG PHONE 3: MELHOR CELULAR para JOGOS ganha um SUCESSOR | Hands-on,https://www.youtube.com/watch?v=pWDtQqeL688,52 mil visualiza√ß√µes,h√° 11 meses,TudoCelular
ROG PHONE 3! JOGANDO com o SMARTPHONE MAIS POTENTE do MUNDO! √â de CAIR o QUEIXO! TELA de 144hz!,https://www.youtube.com/watch?v=T_HXPm8RwwI,173 mil visualiza√ß√µes,h√° 11 meses,Be!Tech
TODA A VERDADE do Asus ROG Phone 3üî•MEGA Unboxing An√°lise Review,https://www.youtube.com/watch?v=XiEyfA36FxU,11 mil visualiza√ß√µes,h√° 10 meses,Tiago Ramos
Asus Rog Phone 3 An√°lise Completa üò±,https://www.youtube.com/watch?v=JMpBhXtwHXk,493 visualiza√ß√µes,h√° 11 meses,Tech Sousa
Asus ROG phone 3 an√°lise completa como nunca vista.,https://www.youtube.com/watch?v=1-nMj2IWq4E,427 visualiza√ß√µes,h√° 10 meses,BLF TECH
ROG Phone: o smartphone gamer da ASUS [An√°lise / Review],https://www.youtube.com/watch?v=AqpQjThAYtU,85 mil visualiza√ß√µes,h√° 2 anos,Canaltech
ROG PHONE 3: UNBOXING DO SMARTPHONE MAIS PODEROSO DE 2020!,https://www.youtube.com/watch?v=TdALKXTVZRU,941 mil visualiza√ß√µes,h√° 11 meses,Loop Infinito
"Review ROG PHONE 3, ponto de vista de um jogador",https://www.youtube.com/watch?v=KiVfFHFudTM,7 mil visualiza√ß√µes,h√° 5 meses,Isaias Aquino
Os MONSTROS da ASUS! ROG PHONE 3 vs ROG PHONE 2! VALE a PENA o UPGRADE!?,https://www.youtube.com/watch?v=FhAO37t4dNk,46 mil visualiza√ß√µes,h√° 8 meses,Be!Tech
ROG Phone 3: conhe√ßa o celular mais r√°pido do mundo!,https://www.youtube.com/watch?v=zBVZFp7ZsRU,"7,3 mil visualiza√ß√µes",h√° 8 meses,ASUS Fan√°ticos
ASUS ROG PHONE 3 - SER√Å QUE AS C√ÇMERAS S√ÉO BOAS TAMB√âM?,https://www.youtube.com/watch?v=tVoYzGgmk0w,"6,9 mil visualiza√ß√µes",h√° 5 meses,Rodrigo Portella
ROG PHONE 3 vs LEGION PHONE DUEL: qual √© o MELHOR CELULAR GAMER do Brasil? | Comparativo,https://www.youtube.com/watch?v=HyT1S0rZhoc,10 mil visualiza√ß√µes,h√° 2 meses,TudoCelular
TOP 3 MELHORIAS do ROG Phone 3 vs ROG Phone 2 | An√°lise e Unbox,https://www.youtube.com/watch?v=YhygI4icH_Q,29 mil visualiza√ß√µes,h√° 10 meses,Montalv√£o
ROG PHONE 5: ASUS ainda possui o MELHOR CELULAR GAMER? | An√°lise / Review,https://www.youtube.com/watch?v=z-bqMfbtgo0,11 mil visualiza√ß√µes,h√° 3 semanas,TudoCelular
AN√ÅLISE ROG PHONE II- O MELHOR smartphone para jogos no MUNDO,https://www.youtube.com/watch?v=2iBlphmGMVw,13 mil visualiza√ß√µes,h√° 1 ano,Oficina da Net
Testamos o ROG Phone 3: Unboxing e primeiras impress√µes,https://www.youtube.com/watch?v=y63TkZvuWqs,17 mil visualiza√ß√µes,h√° 11 meses,Mundo Conectado
ROG PHONE 3! O novo MONSTRO da ASUS t√° na M√ÉO! 16GB de RAM e SNAPDRAGON 865 PLUS!,https://www.youtube.com/watch?v=5OPMnkJAytw,87 mil visualiza√ß√µes,h√° 11 meses,Be!Tech
REVIEW SINCERO ROG PHONE 3: venha conhecer as funcionalidades do smartphone mais potente de 2020,https://www.youtube.com/watch?v=hnTj1kWgo_4,"1,2 mil visualiza√ß√µes",h√° 6 meses,FMX CoDM
Galaxy S21 Ultra: a Samsung ACERTOU no ZOOM dessa vez [An√°lise/Review],https://www.youtube.com/watch?v=_txy5ouAG6s,440 mil visualiza√ß√µes,h√° 4 meses,Canaltech
Review GALAXY S21 ULTRA! Agora sim a SAMSUNG fez o que DEVERIA ter FEITO! An√°lise completa!,https://www.youtube.com/watch?v=6LwYbm71AJM,90 mil visualiza√ß√µes,h√° 2 meses,Be!Tech
Samsung Galaxy S21 Ultra REVIEW: o celular Android MAIS COMPLETO do mercado ‚Äì TecMundo,https://www.youtube.com/watch?v=TLZBUC-qieY,63 mil visualiza√ß√µes,h√° 4 meses,TecMundo
"SAMSUNG GALAXY S21 ULTRA! O que GOSTEI e N√ÉO Gostei! Review, [an√°lise]",https://www.youtube.com/watch?v=ragml8eCBGk,106 mil visualiza√ß√µes,h√° 4 meses,Dudu Rocha
"Na boa, o GALAXY S21 ULTRA faz sentido? minha OPINI√ÉO SINCERA! üò± // An√°lise",https://www.youtube.com/watch?v=HmE-RlaaIl8,82 mil visualiza√ß√µes,h√° 4 meses,EscolhaSegura
Samsung Galaxy S21 Ultra - Review Tecnoblog,https://www.youtube.com/watch?v=Cyk-tDl3NNM,58 mil visualiza√ß√µes,h√° 4 meses,Tecnoblog
GALAXY S21 ULTRA: TOP com MELHOR BATERIA esbarra em FALHAS da ONE UI | An√°lise / Review,https://www.youtube.com/watch?v=CEx_F8gTp68,37 mil visualiza√ß√µes,h√° 4 meses,TudoCelular
GALAXY S21 ULTRA √© EXTRAORDIN√ÅRIO em cada detalhe? UNBOXING e COMENT√ÅRIOS,https://www.youtube.com/watch?v=Zgopyc5Y6wY,142 mil visualiza√ß√µes,h√° 5 meses,Matheus Kise
SAMSUNG GALAXY S21 ULTRA (Review DEFINITIVO),https://www.youtube.com/watch?v=XnTB0vK5kr4,33 mil visualiza√ß√µes,h√° 4 meses,Tech Nerd
An√°lise do Samsung GALAXY S21 ULTRA: tela INCR√çVEL e c√¢meras para TODAS AS SITUA√á√ïES,https://www.youtube.com/watch?v=xOWCDGqvFas,13 mil visualiza√ß√µes,h√° 3 semanas,Mundo Conectado
O Melhor do melhor? - Galaxy S21 Ultra,https://www.youtube.com/watch?v=j2ZP5kY63Zc,1 mi de visualiza√ß√µes,h√° 3 meses,Coisa de Nerd
GALAXY S21 ULTRA | Vale Pagar MUITO para TER O MELHOR? An√°lise / Review,https://www.youtube.com/watch?v=m-Gwqx2DkPQ,12 mil visualiza√ß√µes,h√° 2 meses,brasiliGEEKS
USO REAL ‚òÄÔ∏èdo GALAXY S21 ULTRA na √∫ltima semana // OPINI√ÉO,https://www.youtube.com/watch?v=ELMiQB2uvho,75 mil visualiza√ß√µes,h√° 4 meses,EscolhaSegura
MOOOOONSTRO ! T√° na M√ÉO o mais TOP da SAMSUNG üòé Galaxy S21 Ultra,https://www.youtube.com/watch?v=K_kHYy7lRJc,415 mil visualiza√ß√µes,h√° 4 meses,K Tech
"Galaxy S21 Ultra vs iPhone 12 Pro Max, o melhor APPLE vs o melhor SAMSUNG [Comparativo]",https://www.youtube.com/watch?v=_zJ5bM2SjJI,947 mil visualiza√ß√µes,h√° 4 meses,Canaltech
SIMPLESMENTE O MELHOR! SAMSUNG GALAXY S21 ULTRA 5G! Unboxing e Review Inicial PT-BR,https://www.youtube.com/watch?v=CwOpd57Y3oc,14 mil visualiza√ß√µes,h√° 5 meses,Authenti Tech
NOVO SAMSUNG GALAXY S21 ULTRA! O Samsung MAIS POTENTE DO MUNDO! Peguei e gostei!,https://www.youtube.com/watch?v=SmafthvGYL8,210 mil visualiza√ß√µes,h√° 5 meses,Dudu Rocha
Galaxy S21 Ultra UNBOXING: o que N√ÉO TEM na caixa do Galaxy S21 Ultra? - TecMundo,https://www.youtube.com/watch?v=AxT8QFktvLg,48 mil visualiza√ß√µes,h√° 5 meses,TecMundo
"NOVOS GALAXY S21, S21 PLUS e S21 ULTRA em M√ÉOS! //o que a SAMSUNG N√ÉO TE CONTOU!",https://www.youtube.com/watch?v=m4ZUR6sM9jc,283 mil visualiza√ß√µes,h√° 5 meses,EscolhaSegura
SAMSUNG GALAXY S21 PLUS - vale mais a pena que o S21 e o S21 ULTRA? // An√°lise ( P√ìS UPDATES! ),https://www.youtube.com/watch?v=kvn92oHxgvk,61 mil visualiza√ß√µes,h√° 2 meses,EscolhaSegura
"Xiaomi Mi 10T e 10T Pro, valem a pena ou n√£o? [An√°lise/Review]",https://www.youtube.com/watch?v=mp_aDo-uH6I,127 mil visualiza√ß√µes,h√° 5 meses,Canaltech
MELHOR XIAOMI do ANO - Xiaomi MI 10T PRO AN√ÅLISE [ Review ] COMPLETA !,https://www.youtube.com/watch?v=cr3icyK3aWo,83 mil visualiza√ß√µes,h√° 6 meses,K Tech
MI 10T PRO: TOP de LINHA XIAOMI com PRE√áO de IPHONE | An√°lise / Review,https://www.youtube.com/watch?v=MSqN27wR-gI,65 mil visualiza√ß√µes,h√° 6 meses,TudoCelular
Xiaomi Mi 10T Pro: vale a pena comprar? Saiba tudo! Review/An√°lise!,https://www.youtube.com/watch?v=btCMwSjhyLw,"1,5 mil visualiza√ß√µes",h√° 4 meses,Compras Importadas
XIAOMI MI 10T PRO 5G a Xiaomi criou um MONSTRO !!!,https://www.youtube.com/watch?v=7P5zO5s3Mhw,470 mil visualiza√ß√µes,h√° 8 meses,K Tech
"NOVOS XIAOMI: Mi 10T, Mi 10T PRO e Mi 10T Lite. Mas chegaram recebendo CR√çTICAS!",https://www.youtube.com/watch?v=3YZQbBBdtcE,134 mil visualiza√ß√µes,h√° 9 meses,Gesiel Taveira
XIAOMI Mi 10T: o MELHOR CUSTO-BENEF√çCIO da fam√≠lia? | An√°lise / Review,https://www.youtube.com/watch?v=q0ekPp71zDg,39 mil visualiza√ß√µes,h√° 2 meses,TudoCelular
Xiaomi Mi 10T Pro - review completo em portugu√™s com √™nfase em foto e v√≠deo!,https://www.youtube.com/watch?v=kRb2epUBVMw,"7,7 mil visualiza√ß√µes",h√° 4 meses,Armando Vernaglia Jr
VALE a pena COMPRAR o XIAOMI MI 10T? / opini√£o do USU√ÅRIO MI 10T!,https://www.youtube.com/watch?v=_vagb1RMzqk,24 mil visualiza√ß√µes,h√° 7 meses,Andr√© Felipe
Xiaomi Mi 10T - ME IMPRESSIONOU MUITO! ELE √â INCR√çVEL!,https://www.youtube.com/watch?v=Zd6qYN6lPKM,30 mil visualiza√ß√µes,h√° 3 meses,Geek Antenado
"Xiaomi Mi 10T Lite vs 10T vs 10T Pro, qual a diferen√ßa? [Comparativo]",https://www.youtube.com/watch?v=jEEFK_yX_D4,46 mil visualiza√ß√µes,h√° 5 meses,Canaltech
"XIAOMI Mi 10T PRO - Cheegooou o L√çDER! Tela 144Hz, C√¢mera 108MP e faz 597K no ANTUTU!üòÆ",https://www.youtube.com/watch?v=X10pBmniVwY,21 mil visualiza√ß√µes,h√° 8 meses,Ricardo Tex
TESTAMOS o celular Xiaomi Mi 10T! Vem conferir as novidades!,https://www.youtube.com/watch?v=gjHVB0hcsLY,14 mil visualiza√ß√µes,h√° 8 meses,Atacado Games
"O Mais caro da XIAOMI NO BRASIL, Xiaomi Mi 10T! O que ele tem de especial? √â UMA SUPER M√ÅQUINA!",https://www.youtube.com/watch?v=jpWsHf_buf4,112 mil visualiza√ß√µes,h√° 7 meses,Jersu
Xiaomi Mi 10T vs Xiaomi Mi 10T Pro,https://www.youtube.com/watch?v=314JziqRndE,291 mil visualiza√ß√µes,h√° 9 meses,Gadgets Compare